Site_code,River_name,MaCHT_type,W_CATCH,W_STRAHL,EnZ_01ALN,EnZ_02BOR,EnZ_03NEM,EnZ_04ATN,EnZ_05ALS,EnZ_06CON,EnZ_07ATC,EnZ_08PAN,EnZ_09LUS,EnZ_10ANA,EnZ_11MDM,EnZ_12MDN,EnZ_13MDS,calcerious,silicious,other,W_ALT,W_SLOPE,outside_Eu,Atlantic_B,Continenta,Pannonian,Steppic_Bi,Mediterran,Alpine_Bio,Boreal_Bio,Black_Sea,F17,MaCHT_0203,EnZ
AT_119,Schwarzaubach,1,5,1,0,0,0,0,0,1,0,0,0,0,0,0,0,1,0,0,626,32,0,0,0,0,0,0,1,0,0,0,1,6
AT_1234,Lammer,2,115,4,0,0,0,0,1,0,0,0,0,0,0,0,0,0,1,0,654,16,0,0,0,0,0,0,1,0,0,0,2,5
AT_244,Grossarler Ache,2,37,3,0,0,0,0,1,0,0,0,0,0,0,0,0,1,0,0,1037,10,0,0,0,0,0,0,1,0,0,0,1,5
AT_263,Lafnitz,3,30,3,0,0,0,0,0,1,0,0,0,0,0,0,0,0,1,0,706,26,0,0,0,0,0,0,1,0,0,0,2,6
AT_2927,Salza,4,69,3,0,0,0,0,0,1,0,0,0,0,0,0,0,1,0,0,792,2,0,0,0,0,0,0,1,0,0,0,1,6
AT_2928,Salza,1,320,5,0,0,0,0,0,1,0,0,0,0,0,0,0,1,0,0,723,10,0,0,0,0,0,0,1,0,0,0,1,6
AT_3200,Erlauf,4,149,3,0,0,0,0,0,1,0,0,0,0,0,0,0,1,0,0,530,0,0,0,0,0,0,0,1,0,0,0,1,6
AT_3947,Schwarza,1,261,4,0,0,0,0,0,1,0,0,0,0,0,0,0,1,0,0,572,9,0,0,0,0,0,0,1,0,0,0,1,6
AT_43,Krumme Steyrling,1,38,3,0,0,0,0,0,1,0,0,0,0,0,0,0,1,0,0,626,34,0,0,0,0,0,0,1,0,0,0,1,6
AT_4599,M?hrische Thaya,3,632,3,0,0,0,0,0,1,0,0,0,0,0,0,0,0,1,0,416,2,0,0,1,0,0,0,0,0,0,0,3,6
AT_4678,Schwarza,1,309,4,0,0,0,0,0,1,0,0,0,0,0,0,0,1,0,0,526,7,0,0,0,0,0,0,1,0,0,0,1,6
AT_4885,Vellach,1,227,5,0,0,0,0,0,1,0,0,0,0,0,0,0,1,0,0,416,5,0,0,0,0,0,0,1,0,0,0,1,6
AT_5202,Mur,5,3346,6,0,0,0,0,0,1,0,0,0,0,0,0,0,0,1,0,629,3,0,0,0,0,0,0,1,0,0,0,2,6
AT_5342,Wimitzbach,2,68,3,0,0,0,0,1,0,0,0,0,0,0,0,0,0,1,0,688,14,0,0,0,0,0,0,1,0,0,0,2,5
AT_56,Fuscherache,2,40,3,0,0,0,0,1,0,0,0,0,0,0,0,0,1,0,0,1260,13,0,0,0,0,0,0,1,0,0,0,1,5
AT_5616,Lavant,3,969,5,0,0,0,0,0,1,0,0,0,0,0,0,0,0,1,0,353,9,0,0,0,0,0,0,1,0,0,0,2,6
AT_5759,Pinka,3,702,4,0,0,0,0,0,0,0,1,0,0,0,0,0,0,1,0,232,2,0,0,1,0,0,0,0,0,0,0,3,8
AT_5781,Feistritz,5,295,4,0,0,0,0,0,1,0,0,0,0,0,0,0,0,1,0,546,10,0,0,0,0,0,0,1,0,0,0,2,6
AT_5783,Lamnitzbach,2,20,3,0,0,0,0,1,0,0,0,0,0,0,0,0,0,1,0,1082,15,0,0,0,0,0,0,1,0,0,0,2,5
AT_595,Erlauf,1,190,3,0,0,0,0,0,1,0,0,0,0,0,0,0,1,0,0,478,29,0,0,0,0,0,0,1,0,0,0,1,6
AT_676,Randobach,2,10,2,0,0,0,0,1,0,0,0,0,0,0,0,0,1,0,0,934,61,0,0,0,0,0,0,1,0,0,0,1,5
AT_728,Reichramingbach,1,134,4,0,0,0,0,0,1,0,0,0,0,0,0,0,1,0,0,406,9,0,0,0,0,0,0,1,0,0,0,1,6
AT_827,Moertlbach,2,5,2,0,0,0,0,1,0,0,0,0,0,0,0,0,1,0,0,858,94,0,0,0,0,0,0,1,0,0,0,1,5
AT_872,Klausbach,5,13,1,0,0,0,0,0,1,0,0,0,0,0,0,0,0,1,0,604,21,0,0,0,0,0,0,1,0,0,0,2,6
AT_879,Isar,2,147,4,0,0,0,0,1,0,0,0,0,0,0,0,0,1,0,0,1013,18,0,0,0,0,0,0,1,0,0,0,1,5
AT_886,Frutz,1,8,3,0,0,0,0,0,1,0,0,0,0,0,0,0,1,0,0,1174,58,0,0,0,0,0,0,1,0,0,0,1,6
AT_891,Lutz,2,68,4,0,0,0,0,1,0,0,0,0,0,0,0,0,1,0,0,826,24,0,0,0,0,0,0,1,0,0,0,1,5
CZAOPK_2004,Kamenice,5,218,4,0,0,0,0,0,1,0,0,0,0,0,0,0,0,1,0,148,32,0,0,1,0,0,0,0,0,0,0,4,6
CZAOPK_2026,Moravsk  S za,3,440,4,0,0,0,0,0,1,0,0,0,0,0,0,0,0,1,0,302,3,0,0,1,0,0,0,0,0,0,0,3,6
CZAOPK_2028,Oslava,5,802,4,0,0,0,0,0,1,0,0,0,0,0,0,0,0,1,0,274,6,0,0,1,0,0,0,0,0,0,0,3,6
CZAOPK_2031,Oslava,5,735,4,0,0,0,0,0,1,0,0,0,0,0,0,0,0,1,0,290,1,0,0,1,0,0,0,0,0,0,0,3,6
CZAOPK_2034,Rokytn ,3,316,3,0,0,0,0,0,1,0,0,0,0,0,0,0,0,1,0,340,4,0,0,1,0,0,0,0,0,0,0,3,6
CZAOPK_2039,Velicka,4,89,2,0,0,0,0,0,1,0,0,0,0,0,0,0,1,0,0,238,8,0,0,1,0,0,0,0,0,0,0,5,6
CZREF_034,Berounka,3,7430,6,0,0,0,0,0,1,0,0,0,0,0,0,0,0,1,0,239,1,0,0,1,0,0,0,0,0,0,0,3,6
CZREF_052,Jezern¡ potok,1,8,1,0,0,0,0,0,1,0,0,0,0,0,0,0,1,0,0,516,27,0,0,1,0,0,0,0,0,0,0,4,6
CZREF_073,Litava,1,17,1,0,0,0,0,0,1,0,0,0,0,0,0,0,1,0,0,290,11,0,0,1,0,0,0,0,0,0,0,4,6
CZREF_086,Moravice,3,654,4,0,0,0,0,0,1,0,0,0,0,0,0,0,0,1,0,320,9,0,0,1,0,0,0,0,0,0,0,4,6
CZREF_091,Odra,3,1021,4,0,0,0,0,0,1,0,0,0,0,0,0,0,0,1,0,228,1,0,0,1,0,0,0,0,0,0,0,3,6
CZREF_120,T¡snavskì pot,1,26,2,0,0,0,0,0,1,0,0,0,0,0,0,0,1,0,0,560,17,0,0,1,0,0,0,0,0,0,0,4,6
CZREF_127,Vl ra,4,297,4,0,0,0,0,0,1,0,0,0,0,0,0,0,1,0,0,288,5,0,0,1,0,0,0,0,0,0,0,5,6
CZREF_165,Rasovka,5,3,1,0,0,0,0,0,1,0,0,0,0,0,0,0,0,1,0,911,94,0,0,1,0,0,0,0,0,0,0,4,6
EE_10131_3,Purtsi,6,79,3,0,1,0,0,0,0,0,0,0,0,0,0,0,0,1,0,56,3,0,0,0,0,0,0,0,1,0,0,7,2
EE_10365_2,Elva,6,111,3,0,1,0,0,0,0,0,0,0,0,0,0,0,0,1,0,90,3,0,0,0,0,0,0,0,1,0,0,7,2
EE_10374_1,Laguja,6,41,2,0,1,0,0,0,0,0,0,0,0,0,0,0,0,1,0,67,7,0,0,0,0,0,0,0,1,0,0,7,2
EE_10526_1,Kullavere,6,148,3,0,1,0,0,0,0,0,0,0,0,0,0,0,0,1,0,46,2,0,0,0,0,0,0,0,1,0,0,7,2
EE_10526_2,Kullavere,6,232,3,0,1,0,0,0,0,0,0,0,0,0,0,0,0,1,0,40,1,0,0,0,0,0,0,0,1,0,0,7,2
EE_10599_1,Tagajogi,6,311,3,0,1,0,0,0,0,0,0,0,0,0,0,0,1,0,0,41,3,0,0,0,0,0,0,0,1,0,0,7,2
EE_11196_1,Paadrema,7,270,3,0,0,1,0,0,0,0,0,0,0,0,0,0,1,0,0,17,1,0,0,0,0,0,0,0,1,0,0,11,3
EE_11409_1,Kopu,6,79,3,0,1,0,0,0,0,0,0,0,0,0,0,0,0,1,0,72,3,0,0,0,0,0,0,0,1,0,0,7,2
EE_11459_2,Külge,7,66,1,0,0,1,0,0,0,0,0,0,0,0,0,0,0,1,0,52,2,0,0,0,0,0,0,0,1,0,0,7,3
EE_11468_2,L?hkma,7,205,2,0,0,1,0,0,0,0,0,0,0,0,0,0,1,0,0,14,1,0,0,0,0,0,0,0,1,0,0,11,3
EE_11581_1,Peeli,6,97,2,0,1,0,0,0,0,0,0,0,0,0,0,0,0,1,0,74,1,0,0,0,0,0,0,0,1,0,0,7,2
ES_06_0001,Mundo,8,20,2,0,0,0,0,0,0,0,0,0,0,1,0,0,1,0,0,1118,44,0,0,0,0,0,1,0,0,0,0,9,11
ES_06_0009,Endrinales,8,24,2,0,0,0,0,0,0,0,0,0,0,1,0,0,1,0,0,1218,31,0,0,0,0,0,1,0,0,0,0,9,11
ES_06_0015,Tus,8,107,3,0,0,0,0,0,0,0,0,0,0,1,0,0,0,1,0,813,10,0,0,0,0,0,1,0,0,0,0,9,11
ES_07_0017,Escabas,9,344,3,0,0,0,0,0,0,0,0,0,0,0,1,0,0,1,0,788,11,0,0,0,0,0,1,0,0,0,0,9,12
ES_08_0001,Arag¢n-Subord n,2,54,3,0,0,0,0,1,0,0,0,0,0,0,0,0,0,1,0,1216,7,0,0,0,0,0,0,1,0,0,0,2,5
ES_08_0002,Arag¢n-Subord n,2,81,3,0,0,0,0,1,0,0,0,0,0,0,0,0,0,1,0,1094,25,0,0,0,0,0,0,1,0,0,0,2,5
ES_08_0008,Veral,2,54,4,0,0,0,0,1,0,0,0,0,0,0,0,0,1,0,0,1076,50,0,0,0,0,0,1,0,0,0,0,9,5
ES_08_0014,Os¡a,2,28,3,0,0,0,0,1,0,0,0,0,0,0,0,0,1,0,0,1108,60,0,0,0,0,0,0,1,0,0,0,1,5
ES_20_0021,Neila,2,90,4,0,0,0,0,1,0,0,0,0,0,0,0,0,1,0,0,966,16,0,0,0,0,0,1,0,0,0,0,9,5
ES_22_0002,Ezkurra,9,21,3,0,0,0,0,0,0,0,0,1,0,0,0,0,1,0,0,428,1,0,1,0,0,0,0,0,0,0,0,8,9
ES_23_0018,Santa Mar¡a,8,63,4,0,0,0,0,0,0,0,0,0,0,1,0,0,0,1,0,428,27,0,0,0,0,0,1,0,0,0,0,9,11
ES_31_0002,El Bosque,8,21,2,0,0,0,0,0,0,0,0,0,0,1,0,0,1,0,0,349,38,0,0,0,0,0,1,0,0,0,0,9,11
ES_32_0008,Tormes,8,864,5,0,0,0,0,0,0,0,0,0,0,1,0,0,0,1,0,986,4,0,0,0,0,0,1,0,0,0,0,9,11
ES_32_0014,Garganta de los Caballeros,8,142,4,0,0,0,0,0,0,0,0,0,0,1,0,0,0,1,0,1052,9,0,0,0,0,0,1,0,0,0,0,9,11
ES_34_0012,Castril,8,74,2,0,0,0,0,0,0,0,0,0,0,1,0,0,1,0,0,958,11,0,0,0,0,0,1,0,0,0,0,9,11
ES_34_0020,Genil,8,81,3,0,0,0,0,0,0,0,0,0,0,1,0,0,0,1,0,1170,50,0,0,0,0,0,1,0,0,0,0,9,11
ES_34_0026,Trev?lez,8,76,3,0,0,0,0,0,0,0,0,0,0,1,0,0,0,1,0,1437,39,0,0,0,0,0,1,0,0,0,0,9,11
ES_35_0039,Eo,9,94,4,0,0,0,0,0,0,0,0,1,0,0,0,0,0,1,0,382,23,0,1,0,0,0,0,0,0,0,0,6,9
ES_35_0057,Penide,9,10,1,0,0,0,0,0,0,0,0,1,0,0,0,0,0,1,0,544,77,0,1,0,0,0,0,0,0,0,0,6,9
ES_35_0139,Baleo,9,32,2,0,0,0,0,0,0,0,0,1,0,0,0,0,0,1,0,71,14,0,1,0,0,0,0,0,0,0,0,6,9
ES_35_0146,Mera,9,50,2,0,0,0,0,0,0,0,0,1,0,0,0,0,0,1,0,179,14,0,1,0,0,0,0,0,0,0,0,6,9
ES_35_0152,Das Mestas,9,68,3,0,0,0,0,0,0,0,0,1,0,0,0,0,0,1,0,32,10,0,1,0,0,0,0,0,0,0,0,6,9
ES_35_0156,Xubia,9,82,3,0,0,0,0,0,0,0,0,1,0,0,0,0,0,1,0,54,4,0,1,0,0,0,0,0,0,0,0,6,9
ES_35_0167,Eume,9,35,2,0,0,0,0,0,0,0,0,1,0,0,0,0,0,1,0,603,9,0,1,0,0,0,0,0,0,0,0,6,9
ES_35_0200,Ramalleira,9,14,1,0,0,0,0,0,0,0,0,1,0,0,0,0,0,1,0,502,9,0,1,0,0,0,0,0,0,0,0,6,9
ES_35_0209,Zarzo,9,36,1,0,0,0,0,0,0,0,0,1,0,0,0,0,0,1,0,247,29,0,1,0,0,0,0,0,0,0,0,6,9
ES_35_0216,Mendo,9,90,2,0,0,0,0,0,0,0,0,1,0,0,0,0,0,1,0,46,9,0,1,0,0,0,0,0,0,0,0,6,9
ES_35_0221,Mero,9,65,2,0,0,0,0,0,0,0,0,1,0,0,0,0,0,1,0,102,7,0,1,0,0,0,0,0,0,0,0,6,9
ES_35_0251,Rosende,9,73,2,0,0,0,0,0,0,0,0,1,0,0,0,0,0,1,0,112,4,0,1,0,0,0,0,0,0,0,0,6,9
ES_35_0270,Vilar,9,46,2,0,0,0,0,0,0,0,0,1,0,0,0,0,0,1,0,175,4,0,1,0,0,0,0,0,0,0,0,6,9
ES_35_0275,Castro,9,53,2,0,0,0,0,0,0,0,0,1,0,0,0,0,0,1,0,130,12,0,1,0,0,0,0,0,0,0,0,6,9
ES_35_0288,Maronas,9,41,2,0,0,0,0,0,0,0,0,1,0,0,0,0,0,0,1,302,2,0,1,0,0,0,0,0,0,0,0,10,9
ES_35_0297,Tines,9,31,3,0,0,0,0,0,0,0,0,1,0,0,0,0,0,1,0,66,20,0,1,0,0,0,0,0,0,0,0,6,9
ES_35_0300,Tambre,9,74,2,0,0,0,0,0,0,0,0,1,0,0,0,0,0,1,0,418,11,0,1,0,0,0,0,0,0,0,0,6,9
ES_35_0313,Tambre,9,250,3,0,0,0,0,0,0,0,0,1,0,0,0,0,0,1,0,276,3,0,1,0,0,0,0,0,0,0,0,6,9
ES_35_0316,Tambre,9,579,3,0,0,0,0,0,0,0,0,1,0,0,0,0,0,1,0,238,1,0,1,0,0,0,0,0,0,0,0,6,9
ES_35_0334,Sionlla,9,66,2,0,0,0,0,0,0,0,0,1,0,0,0,0,0,1,0,228,6,0,1,0,0,0,0,0,0,0,0,6,9
ES_35_0338,Barcala,9,54,2,0,0,0,0,0,0,0,0,1,0,0,0,0,0,1,0,170,5,0,1,0,0,0,0,0,0,0,0,6,9
ES_35_0345,S¢nora,9,50,2,0,0,0,0,0,0,0,0,1,0,0,0,0,0,1,0,182,34,0,1,0,0,0,0,0,0,0,0,6,9
ES_35_0351,Beluso,9,20,2,0,0,0,0,0,0,0,0,1,0,0,0,0,0,1,0,19,16,0,1,0,0,0,0,0,0,0,0,6,9
ES_35_0405,Beseno,9,17,1,0,0,0,0,0,0,0,0,1,0,0,0,0,0,1,0,244,24,0,1,0,0,0,0,0,0,0,0,6,9
ES_35_0445,Vea,9,28,2,0,0,0,0,0,0,0,0,1,0,0,0,0,0,1,0,54,9,0,1,0,0,0,0,0,0,0,0,6,9
ES_35_0446,Pereiro,9,38,1,0,0,0,0,0,0,0,0,1,0,0,0,0,0,1,0,148,14,0,1,0,0,0,0,0,0,0,0,6,9
ES_35_0465,Rois,9,47,3,0,0,0,0,0,0,0,0,1,0,0,0,0,0,1,0,21,9,0,1,0,0,0,0,0,0,0,0,6,9
ES_35_0466,Valga,9,25,3,0,0,0,0,0,0,0,0,1,0,0,0,0,0,1,0,44,10,0,1,0,0,0,0,0,0,0,0,6,9
ES_35_0474,Umia,9,81,3,0,0,0,0,0,0,0,0,1,0,0,0,0,0,1,0,345,6,0,1,0,0,0,0,0,0,0,0,6,9
ES_35_0489,Agra,9,30,2,0,0,0,0,0,0,0,0,1,0,0,0,0,0,1,0,120,17,0,1,0,0,0,0,0,0,0,0,6,9
ES_35_0501,L?rez,9,156,3,0,0,0,0,0,0,0,0,1,0,0,0,0,0,1,0,322,6,0,1,0,0,0,0,0,0,0,0,6,9
ES_35_0505,L?rez,9,284,3,0,0,0,0,0,0,0,0,1,0,0,0,0,0,1,0,40,2,0,1,0,0,0,0,0,0,0,0,6,9
ES_35_0525,Granda,9,9,1,0,0,0,0,0,0,0,0,1,0,0,0,0,0,1,0,56,18,0,1,0,0,0,0,0,0,0,0,6,9
ES_35_0533,Verdugo,9,56,3,0,0,0,0,0,0,0,0,1,0,0,0,0,0,1,0,384,7,0,1,0,0,0,0,0,0,0,0,6,9
ES_35_0550,Barrag n,9,12,2,0,0,0,0,0,0,0,0,1,0,0,0,0,0,1,0,324,21,0,1,0,0,0,0,0,0,0,0,6,9
ES_35_0551,Pequeno,9,14,1,0,0,0,0,0,0,0,0,1,0,0,0,0,0,1,0,94,29,0,1,0,0,0,0,0,0,0,0,6,9
ES_35_0560,Grovas,9,14,2,0,0,0,0,0,0,0,0,1,0,0,0,0,0,1,0,58,37,0,1,0,0,0,0,0,0,0,0,6,9
ES_35_0649,Outeiro,9,57,2,0,0,0,0,0,0,0,0,1,0,0,0,0,0,1,0,440,5,0,1,0,0,0,0,0,0,0,0,6,9
ES_35_0930,Borb?n,9,38,3,0,0,0,0,0,0,0,0,1,0,0,0,0,0,1,0,38,8,0,1,0,0,0,0,0,0,0,0,6,9
ES_35_0938,Cereixo da Brina,9,40,1,0,0,0,0,0,0,0,0,1,0,0,0,0,0,1,0,157,24,0,1,0,0,0,0,0,0,0,0,6,9
ES_35_0942,Tamuxe,9,8,1,0,0,0,0,0,0,0,0,1,0,0,0,0,0,1,0,302,28,0,1,0,0,0,0,0,0,0,0,6,9
ES_35_1042,Landro,9,54,3,0,0,0,0,0,0,0,0,1,0,0,0,0,0,1,0,221,30,0,1,0,0,0,0,0,0,0,0,6,9
ES_35_1138,Almofrei,9,66,2,0,0,0,0,0,0,0,0,1,0,0,0,0,0,1,0,181,41,0,1,0,0,0,0,0,0,0,0,6,9
ES_35_1143,Loira,9,19,2,0,0,0,0,0,0,0,0,1,0,0,0,0,0,1,0,61,30,0,1,0,0,0,0,0,0,0,0,6,9
ES_35_1165,Sil,2,26,3,0,0,0,0,1,0,0,0,0,0,0,0,0,1,0,0,1356,52,0,1,0,0,0,0,0,0,0,0,8,5
ES_35_1201,Magdalena,2,43,3,0,0,0,0,1,0,0,0,0,0,0,0,0,0,1,0,1218,30,0,1,0,0,0,0,0,0,0,0,6,5
ES_35_1209,LaChanada,2,7,1,0,0,0,0,1,0,0,0,0,0,0,0,0,0,1,0,1404,37,0,1,0,0,0,0,0,0,0,0,6,5
ES_35_1214,Tejedo,2,19,3,0,0,0,0,1,0,0,0,0,0,0,0,0,1,0,0,973,64,0,1,0,0,0,0,0,0,0,0,8,5
ES_35_1218,Salentinos,2,23,3,0,0,0,0,1,0,0,0,0,0,0,0,0,0,1,0,1097,45,0,1,0,0,0,0,0,0,0,0,6,5
ES_35_1222,Valseco,2,41,3,0,0,0,0,1,0,0,0,0,0,0,0,0,0,1,0,1050,32,0,1,0,0,0,0,0,0,0,0,6,5
ES_35_1224,Valdeprado,2,24,3,0,0,0,0,1,0,0,0,0,0,0,0,0,0,1,0,1002,35,0,1,0,0,0,0,0,0,0,0,6,5
ES_35_1238,Boeza,2,17,2,0,0,0,0,1,0,0,0,0,0,0,0,0,0,1,0,1130,75,0,1,0,0,0,0,0,0,0,0,6,5
ES_35_1316,del Cabo,8,14,2,0,0,0,0,0,0,0,0,0,0,1,0,0,0,1,0,1374,29,0,0,0,0,0,1,0,0,0,0,9,11
ES_35_1439,Cares,2,70,4,0,0,0,0,1,0,0,0,0,0,0,0,0,0,1,0,898,25,0,1,0,0,0,0,0,0,0,0,6,5
ES_35_1508,Herrerias,9,31,3,0,0,0,0,0,0,0,0,1,0,0,0,0,1,0,0,385,30,0,1,0,0,0,0,0,0,0,0,8,9
ES_35_1628,Errotaberri,9,6,1,0,0,0,0,0,0,0,0,1,0,0,0,0,1,0,0,141,65,0,1,0,0,0,0,0,0,0,0,8,9
ES_35_1630,Osintxu,9,10,3,0,0,0,0,0,0,0,0,1,0,0,0,0,1,0,0,166,53,0,1,0,0,0,0,0,0,0,0,8,9
ES_35_1706,Zard¢n,9,25,2,0,0,0,0,0,0,0,0,1,0,0,0,0,1,0,0,22,11,0,1,0,0,0,0,0,0,0,0,8,9
ES_35_1709,Nueva (de),9,15,2,0,0,0,0,0,0,0,0,1,0,0,0,0,1,0,0,78,30,0,1,0,0,0,0,0,0,0,0,8,9
ES_35_1713,Frio,9,34,3,0,0,0,0,0,0,0,0,1,0,0,0,0,0,1,0,610,68,0,1,0,0,0,0,0,0,0,0,6,9
ES_35_1749,ARTESIAGA,9,46,3,0,0,0,0,0,0,0,0,1,0,0,0,0,1,0,0,184,14,0,1,0,0,0,0,0,0,0,0,8,9
ES_35_1753,As¢n,9,51,3,0,0,0,0,0,0,0,0,1,0,0,0,0,1,0,0,180,30,0,1,0,0,0,0,0,0,0,0,8,9
ES_35_1762,Espana,9,40,3,0,0,0,0,0,0,0,0,1,0,0,0,0,1,0,0,64,7,0,1,0,0,0,0,0,0,0,0,8,9
ES_35_1772,Vendul,9,22,3,0,0,0,0,0,0,0,0,1,0,0,0,0,0,1,0,494,72,0,1,0,0,0,0,0,0,0,0,6,9
ES_35_1783,P ramo,2,83,4,0,0,0,0,1,0,0,0,0,0,0,0,0,0,1,0,468,23,0,1,0,0,0,0,0,0,0,0,6,5
ES_35_1795,Agüeira,9,164,3,0,0,0,0,0,0,0,0,1,0,0,0,0,0,1,0,280,3,0,1,0,0,0,0,0,0,0,0,6,9
ES_35_1796,Oro,9,21,3,0,0,0,0,0,0,0,0,1,0,0,0,0,0,1,0,590,29,0,1,0,0,0,0,0,0,0,0,6,9
ES_35_1799,Esva,9,419,5,0,0,0,0,0,0,0,0,1,0,0,0,0,0,1,0,26,3,0,1,0,0,0,0,0,0,0,0,6,9
ES_35_1828,Sella,2,101,4,0,0,0,0,1,0,0,0,0,0,0,0,0,1,0,0,528,5,0,1,0,0,0,0,0,0,0,0,8,5
ES_35_1838,Nal¢n,2,71,4,0,0,0,0,1,0,0,0,0,0,0,0,0,1,0,0,646,18,0,1,0,0,0,0,0,0,0,0,8,5
ES_35_1854,Ponga,9,145,4,0,0,0,0,0,0,0,0,1,0,0,0,0,0,1,0,210,25,0,1,0,0,0,0,0,0,0,0,6,9
ESF034,Guadarranque,10,24,2,0,0,0,0,0,0,0,0,0,0,0,0,1,0,1,0,482,19,0,0,0,0,0,1,0,0,0,0,9,13
ESF053,Gévora,10,110,2,0,0,0,0,0,0,0,0,0,0,0,0,1,0,1,0,288,5,0,0,0,0,0,1,0,0,0,0,9,13
ESF111,Esteras,10,359,3,0,0,0,0,0,0,0,0,0,0,0,0,1,0,1,0,438,4,0,0,0,0,0,1,0,0,0,0,9,13
ESF194,Fr¡o,10,45,2,0,0,0,0,0,0,0,0,0,0,0,0,1,0,1,0,615,13,0,0,0,0,0,1,0,0,0,0,9,13
ESF199,Arroyo Valdefuentes,10,33,1,0,0,0,0,0,0,0,0,0,0,0,0,1,0,1,0,460,11,0,0,0,0,0,1,0,0,0,0,9,13
ESF205,Alcorneo,10,52,1,0,0,0,0,0,0,0,0,0,0,0,0,1,0,1,0,390,14,0,0,0,0,0,1,0,0,0,0,9,13
ESF311,Guadalemar,10,73,2,0,0,0,0,0,0,0,0,0,0,0,0,1,0,1,0,518,7,0,0,0,0,0,1,0,0,0,0,9,13
ESRB014,Lucena,9,54,2,0,0,0,0,0,0,0,0,0,0,0,1,0,0,1,0,566,33,0,0,0,0,0,1,0,0,0,0,9,12
ESRB110,Mijares 2,9,113,2,0,0,0,0,0,0,0,0,0,0,0,1,0,1,0,0,479,16,0,0,0,0,0,1,0,0,0,0,9,12
ESRB137,Guadaza3n,9,742,4,0,0,0,0,0,0,0,0,0,0,0,1,0,0,1,0,869,4,0,0,0,0,0,1,0,0,0,0,9,12
ESRB151,Arquillo,9,88,2,0,0,0,0,0,0,0,0,0,0,0,1,0,0,1,0,943,12,0,0,0,0,0,1,0,0,0,0,9,12
ESRB152,Mir3n,8,85,2,0,0,0,0,0,0,0,0,0,0,1,0,0,0,1,0,976,12,0,0,0,0,0,1,0,0,0,0,9,11
EW12676,Test (Upper) (C042034),1,131,2,0,0,0,0,0,0,1,0,0,0,0,0,0,1,0,0,76,3,0,1,0,0,0,0,0,0,0,0,8,7
EW13526,Pev Levels (C041018C),11,17,1,0,0,0,0,0,0,1,0,0,0,0,0,0,0,1,0,8,4,0,1,0,0,0,0,0,0,0,0,6,7
EW594,Wid (C037033),11,18,1,0,0,0,0,0,0,1,0,0,0,0,0,0,0,1,0,52,3,0,1,0,0,0,0,0,0,0,0,6,7
EW8624,Rother (Kent.Lower) (C040016),11,47,2,0,0,0,0,0,0,1,0,0,0,0,0,0,0,1,0,11,3,0,1,0,0,0,0,0,0,0,0,6,7
EW894,Can and Roxwell Brook (C037034),11,79,2,0,0,0,0,0,0,1,0,0,0,0,0,0,0,1,0,28,3,0,1,0,0,0,0,0,0,0,0,6,7
FI_1,Tornionjoki,12,39956,6,0,1,0,0,0,0,0,0,0,0,0,0,0,0,1,0,16,3,0,0,0,0,0,0,0,1,0,0,10,2
FI_108,Simojoki,6,3141,3,0,1,0,0,0,0,0,0,0,0,0,0,0,0,1,0,10,1,0,0,0,0,0,0,0,1,0,0,7,2
FI_109,Simojoki,12,3038,3,0,1,0,0,0,0,0,0,0,0,0,0,0,0,0,1,22,3,0,0,0,0,0,0,0,1,0,0,10,2
FI_110,Simojoki,12,3006,3,0,1,0,0,0,0,0,0,0,0,0,0,0,0,0,1,34,4,0,0,0,0,0,0,0,1,0,0,10,2
FI_111,Simojoki,12,2907,3,0,1,0,0,0,0,0,0,0,0,0,0,0,0,0,1,46,2,0,0,0,0,0,0,0,1,0,0,10,2
FI_112,Simojoki,12,2907,3,0,1,0,0,0,0,0,0,0,0,0,0,0,0,0,1,46,2,0,0,0,0,0,0,0,1,0,0,10,2
FI_113,Simojoki,6,2820,3,0,1,0,0,0,0,0,0,0,0,0,0,0,0,1,0,60,1,0,0,0,0,0,0,0,1,0,0,7,2
FI_114,Simojoki,6,2820,3,0,1,0,0,0,0,0,0,0,0,0,0,0,0,1,0,60,1,0,0,0,0,0,0,0,1,0,0,7,2
FI_115,Simojoki,12,2568,3,0,1,0,0,0,0,0,0,0,0,0,0,0,0,0,1,72,1,0,0,0,0,0,0,0,1,0,0,10,2
FI_116,Simojoki,6,2568,3,0,1,0,0,0,0,0,0,0,0,0,0,0,0,1,0,72,1,0,0,0,0,0,0,0,1,0,0,7,2
FI_117,Simojoki,6,2820,3,0,1,0,0,0,0,0,0,0,0,0,0,0,0,1,0,60,1,0,0,0,0,0,0,0,1,0,0,7,2
FI_2,Muonionjoki,13,7831,5,1,0,0,0,0,0,0,0,0,0,0,0,0,0,1,0,262,3,0,0,0,0,0,0,0,1,0,0,11,1
FI_24,Kiiminkijoki,12,1119,4,0,1,0,0,0,0,0,0,0,0,0,0,0,0,0,1,120,0,0,0,0,0,0,0,0,1,0,0,10,2
FI_25,Kiiminkijoki,12,423,4,0,1,0,0,0,0,0,0,0,0,0,0,0,0,0,1,134,2,0,0,0,0,0,0,0,1,0,0,10,2
FI_259,Tornionjoki,11,40112,6,0,1,0,0,0,0,0,0,0,0,0,0,0,0,1,0,0,0,0,0,0,0,0,0,0,1,0,0,10,2
FI_26,Kiiminkijoki,6,384,4,0,1,0,0,0,0,0,0,0,0,0,0,0,0,1,0,143,3,0,0,0,0,0,0,0,1,0,0,7,2
FI_260,Tornionjoki,12,40112,6,0,1,0,0,0,0,0,0,0,0,0,0,0,0,1,0,0,0,0,0,0,0,0,0,0,1,0,0,10,2
FI_262,Tornionjoki,12,40033,6,0,1,0,0,0,0,0,0,0,0,0,0,0,0,1,0,2,0,0,0,0,0,0,0,0,1,0,0,10,2
FI_264,Tornionjoki,11,39994,6,0,1,0,0,0,0,0,0,0,0,0,0,0,0,1,0,12,0,0,0,0,0,0,0,0,1,0,0,10,2
FI_266,Tornionjoki,12,39611,6,0,1,0,0,0,0,0,0,0,0,0,0,0,0,1,0,26,2,0,0,0,0,0,0,0,1,0,0,10,2
FI_268,Tornionjoki,11,34844,6,0,1,0,0,0,0,0,0,0,0,0,0,0,0,1,0,49,0,0,0,0,0,0,0,0,1,0,0,10,2
FI_270,Tornionjoki,11,34614,6,0,1,0,0,0,0,0,0,0,0,0,0,0,0,1,0,58,0,0,0,0,0,0,0,0,1,0,0,10,2
FI_272,Tornionjoki,11,34193,6,0,1,0,0,0,0,0,0,0,0,0,0,0,0,1,0,68,1,0,0,0,0,0,0,0,1,0,0,10,2
FI_274,Tornionjoki,11,33393,6,0,1,0,0,0,0,0,0,0,0,0,0,0,0,1,0,80,1,0,0,0,0,0,0,0,1,0,0,10,2
FI_276,Tornionjoki,11,32053,6,0,1,0,0,0,0,0,0,0,0,0,0,0,0,1,0,92,2,0,0,0,0,0,0,0,1,0,0,10,2
FI_278,Tornionjoki,11,31776,6,0,1,0,0,0,0,0,0,0,0,0,0,0,0,1,0,109,3,0,0,0,0,0,0,0,1,0,0,10,2
FI_280,Muonionjoki,6,14490,5,0,1,0,0,0,0,0,0,0,0,0,0,0,0,1,0,132,1,0,0,0,0,0,0,0,1,0,0,7,2
FI_282,Muonionjoki,6,14313,5,0,1,0,0,0,0,0,0,0,0,0,0,0,0,1,0,146,4,0,0,0,0,0,0,0,1,0,0,7,2
FI_284,Muonionjoki,6,482,3,0,1,0,0,0,0,0,0,0,0,0,0,0,0,1,0,153,1,0,0,0,0,0,0,0,1,0,0,7,2
FI_286,Muonionjoki,12,12112,5,0,1,0,0,0,0,0,0,0,0,0,0,0,0,0,1,155,1,0,0,0,0,0,0,0,1,0,0,10,2
FI_288,Muonionjoki,6,11566,5,0,1,0,0,0,0,0,0,0,0,0,0,0,0,1,0,181,1,0,0,0,0,0,0,0,1,0,0,11,2
FI_290,Muonionjoki,6,10806,5,0,1,0,0,0,0,0,0,0,0,0,0,0,0,1,0,154,28,0,0,0,0,0,0,0,1,0,0,11,2
FI_292,Muonionjoki,13,9697,5,1,0,0,0,0,0,0,0,0,0,0,0,0,0,1,0,210,4,0,0,0,0,0,0,0,1,0,0,11,1
FI_294,Muonionjoki,13,8499,5,1,0,0,0,0,0,0,0,0,0,0,0,0,0,1,0,237,1,0,0,0,0,0,0,0,1,0,0,11,1
FI_296,Muonionjoki,13,8350,5,1,0,0,0,0,0,0,0,0,0,0,0,0,0,0,1,250,0,0,0,0,0,0,0,0,1,0,0,10,1
FI_298,Muonionjoki,13,6920,5,1,0,0,0,0,0,0,0,0,0,0,0,0,0,1,0,289,1,0,0,0,0,0,0,1,0,0,0,2,1
FI_3,K?nk?m?eno,13,1881,4,1,0,0,0,0,0,0,0,0,0,0,0,0,0,1,0,392,3,0,0,0,0,0,0,1,0,0,0,2,1
FI_300,Muonionjoki,13,6623,5,1,0,0,0,0,0,0,0,0,0,0,0,0,0,1,0,303,2,0,0,0,0,0,0,1,0,0,0,2,1
FI_302,Muonionjoki,13,5308,5,1,0,0,0,0,0,0,0,0,0,0,0,0,0,0,1,325,2,0,0,0,0,0,0,1,0,0,0,10,1
FI_304,K?nk?m?eno,13,2399,4,1,0,0,0,0,0,0,0,0,0,0,0,0,0,1,0,366,4,0,0,0,0,0,0,1,0,0,0,2,1
FI_305,L?t?seno,13,2067,5,1,0,0,0,0,0,0,0,0,0,0,0,0,0,1,0,344,3,0,0,0,0,0,0,1,0,0,0,2,1
FI_306,L?t?seno,13,2067,5,1,0,0,0,0,0,0,0,0,0,0,0,0,0,0,1,344,3,0,0,0,0,0,0,1,0,0,0,10,1
FI_307,K?nk?m?eno,13,2082,4,1,0,0,0,0,0,0,0,0,0,0,0,0,0,0,1,372,2,0,0,0,0,0,0,1,0,0,0,10,1
FI_308,K?nk?m?eno,13,2082,4,1,0,0,0,0,0,0,0,0,0,0,0,0,0,0,1,372,2,0,0,0,0,0,0,1,0,0,0,10,1
FI_309,K?nk?m?eno,13,2082,4,1,0,0,0,0,0,0,0,0,0,0,0,0,0,1,0,372,2,0,0,0,0,0,0,1,0,0,0,2,1
FI_310,L?t?seno,13,1914,5,1,0,0,0,0,0,0,0,0,0,0,0,0,0,1,0,429,0,0,0,0,0,0,0,1,0,0,0,2,1
FI_311,L?t?seno,13,1895,5,1,0,0,0,0,0,0,0,0,0,0,0,0,0,1,0,430,1,0,0,0,0,0,0,1,0,0,0,2,1
FI_312,K?nk?m?eno,13,1788,4,1,0,0,0,0,0,0,0,0,0,0,0,0,0,1,0,398,2,0,0,0,0,0,0,1,0,0,0,2,1
FI_313,L?t?seno,13,1941,5,1,0,0,0,0,0,0,0,0,0,0,0,0,0,1,0,423,4,0,0,0,0,0,0,1,0,0,0,2,1
FI_314,L?t?seno,13,1869,5,1,0,0,0,0,0,0,0,0,0,0,0,0,0,1,0,433,1,0,0,0,0,0,0,1,0,0,0,2,1
FI_315,Pakajoki,6,161,3,0,1,0,0,0,0,0,0,0,0,0,0,0,0,1,0,189,8,0,0,0,0,0,0,0,1,0,0,7,2
FI_316,Pakajoki,6,140,3,0,1,0,0,0,0,0,0,0,0,0,0,0,0,1,0,212,4,0,0,0,0,0,0,0,1,0,0,11,2
FI_317,Pakajoki,6,140,3,0,1,0,0,0,0,0,0,0,0,0,0,0,0,1,0,212,4,0,0,0,0,0,0,0,1,0,0,11,2
FI_318,Pakajoki,6,140,3,0,1,0,0,0,0,0,0,0,0,0,0,0,0,1,0,212,4,0,0,0,0,0,0,0,1,0,0,11,2
FI_319,Pakajoki,6,140,3,0,1,0,0,0,0,0,0,0,0,0,0,0,0,1,0,212,4,0,0,0,0,0,0,0,1,0,0,11,2
FI_320,Pakajoki,6,140,3,0,1,0,0,0,0,0,0,0,0,0,0,0,0,1,0,212,4,0,0,0,0,0,0,0,1,0,0,11,2
FI_322,Kangosjoki,13,300,4,1,0,0,0,0,0,0,0,0,0,0,0,0,0,1,0,208,2,0,0,0,0,0,0,0,1,0,0,11,1
FI_323,Kangosjoki,13,300,4,1,0,0,0,0,0,0,0,0,0,0,0,0,0,1,0,208,2,0,0,0,0,0,0,0,1,0,0,11,1
FI_324,Kangosjoki,13,291,4,1,0,0,0,0,0,0,0,0,0,0,0,0,0,1,0,217,5,0,0,0,0,0,0,0,1,0,0,11,1
FI_325,Kuerjoki,6,128,2,0,1,0,0,0,0,0,0,0,0,0,0,0,0,1,0,220,1,0,0,0,0,0,0,0,1,0,0,11,2
FI_326,Kuerjoki,6,111,2,0,1,0,0,0,0,0,0,0,0,0,0,0,0,1,0,224,3,0,0,0,0,0,0,0,1,0,0,11,2
FI_327,Kuerjoki,6,111,2,0,1,0,0,0,0,0,0,0,0,0,0,0,0,1,0,224,3,0,0,0,0,0,0,0,1,0,0,11,2
FI_328,Kuerjoki,6,71,2,0,1,0,0,0,0,0,0,0,0,0,0,0,0,1,0,232,1,0,0,0,0,0,0,0,1,0,0,11,2
FI_329,Kuerjoki,6,71,2,0,1,0,0,0,0,0,0,0,0,0,0,0,0,1,0,232,1,0,0,0,0,0,0,0,1,0,0,11,2
FI_352,Kitkajoki,6,18,1,0,1,0,0,0,0,0,0,0,0,0,0,0,0,1,0,246,2,0,0,0,0,0,0,0,1,0,0,7,2
FI_353,Kitkajoki,6,18,1,0,1,0,0,0,0,0,0,0,0,0,0,0,0,1,0,246,2,0,0,0,0,0,0,0,1,0,0,7,2
FI_354,Kitkajoki,6,18,1,0,1,0,0,0,0,0,0,0,0,0,0,0,0,1,0,246,2,0,0,0,0,0,0,0,1,0,0,7,2
FI_355,Kitkajoki,6,18,1,0,1,0,0,0,0,0,0,0,0,0,0,0,0,1,0,246,2,0,0,0,0,0,0,0,1,0,0,7,2
FI_363,Oulankajoki,12,64,1,0,1,0,0,0,0,0,0,0,0,0,0,0,0,0,1,242,1,0,0,0,0,0,0,0,1,0,0,10,2
FI_364,Oulankajoki,12,81,1,0,1,0,0,0,0,0,0,0,0,0,0,0,0,0,1,242,4,0,0,0,0,0,0,0,1,0,0,10,2
FI_365,Oulankajoki,12,64,1,0,1,0,0,0,0,0,0,0,0,0,0,0,0,0,1,242,1,0,0,0,0,0,0,0,1,0,0,10,2
FI_5,Kitkajoki,6,1872,4,0,1,0,0,0,0,0,0,0,0,0,0,0,0,1,0,182,8,0,0,0,0,0,0,0,1,0,0,7,2
FI_53,Naalastonjoki,12,96,2,0,1,0,0,0,0,0,0,0,0,0,0,0,0,0,1,146,3,0,0,0,0,0,0,0,1,0,0,10,2
FI_544,Ivalojoki,13,698,4,1,0,0,0,0,0,0,0,0,0,0,0,0,0,1,0,255,2,0,0,0,0,0,0,0,1,0,0,7,1
FI_545,Ivalojoki,13,698,4,1,0,0,0,0,0,0,0,0,0,0,0,0,0,1,0,255,2,0,0,0,0,0,0,0,1,0,0,7,1
FI_547,Ivalojoki,13,749,4,1,0,0,0,0,0,0,0,0,0,0,0,0,0,1,0,250,0,0,0,0,0,0,0,0,1,0,0,7,1
FI_548,Ivalojoki,13,792,4,1,0,0,0,0,0,0,0,0,0,0,0,0,0,1,0,244,3,0,0,0,0,0,0,0,1,0,0,7,1
FI_549,Ivalojoki,13,1473,5,1,0,0,0,0,0,0,0,0,0,0,0,0,0,1,0,238,1,0,0,0,0,0,0,0,1,0,0,7,1
FI_550,Ivalojoki,13,1494,5,1,0,0,0,0,0,0,0,0,0,0,0,0,0,1,0,235,2,0,0,0,0,0,0,0,1,0,0,7,1
FI_551,Ivalojoki,13,1636,5,1,0,0,0,0,0,0,0,0,0,0,0,0,0,1,0,226,2,0,0,0,0,0,0,0,1,0,0,11,1
FI_559,Juutua,13,5289,6,1,0,0,0,0,0,0,0,0,0,0,0,0,0,1,0,145,2,0,0,0,0,0,0,0,1,0,0,7,1
FI_561,Juutua,6,5332,6,0,1,0,0,0,0,0,0,0,0,0,0,0,0,1,0,130,3,0,0,0,0,0,0,0,1,0,0,7,2
FI_562,Juutua,6,5332,6,0,1,0,0,0,0,0,0,0,0,0,0,0,0,1,0,130,3,0,0,0,0,0,0,0,1,0,0,7,2
FI_563,Juutua,13,5289,6,1,0,0,0,0,0,0,0,0,0,0,0,0,0,1,0,145,2,0,0,0,0,0,0,0,1,0,0,7,1
FI_564,Juutua,6,5302,6,0,1,0,0,0,0,0,0,0,0,0,0,0,0,1,0,140,0,0,0,0,0,0,0,0,1,0,0,7,2
FI_565,Juutua,13,23,2,1,0,0,0,0,0,0,0,0,0,0,0,0,0,1,0,194,5,0,0,0,0,0,0,0,1,0,0,7,1
FI_566,Juutua,6,5332,6,0,1,0,0,0,0,0,0,0,0,0,0,0,0,1,0,130,3,0,0,0,0,0,0,0,1,0,0,7,2
FI_7,Kangosjoki,13,300,4,1,0,0,0,0,0,0,0,0,0,0,0,0,0,1,0,208,2,0,0,0,0,0,0,0,1,0,0,11,1
GdDv0790,Gradaçcica,2,73,2,0,0,0,0,1,0,0,0,0,0,0,0,0,1,0,0,350,6,0,0,0,0,0,0,1,0,0,0,1,5
GdHr0790,Gradaçcica,2,107,2,0,0,0,0,1,0,0,0,0,0,0,0,0,1,0,0,323,3,0,0,0,0,0,0,1,0,0,0,1,5
GR010130002,ALFIOS,8,21,3,0,0,0,0,0,0,0,0,0,0,1,0,0,1,0,0,746,29,0,0,0,0,0,1,0,0,0,0,9,11
GR010130003,ALFIOS,8,218,4,0,0,0,0,0,0,0,0,0,0,1,0,0,1,0,0,532,6,0,0,0,0,0,1,0,0,0,0,9,11
GR010130013,ALFIOS,8,21,3,0,0,0,0,0,0,0,0,0,0,1,0,0,1,0,0,746,29,0,0,0,0,0,1,0,0,0,0,9,11
GR010130019,ALFIOS,8,24,3,0,0,0,0,0,0,0,0,0,0,1,0,0,1,0,0,716,30,0,0,0,0,0,1,0,0,0,0,9,11
GR010130028,ALFIOS,9,548,5,0,0,0,0,0,0,0,0,0,0,0,1,0,0,1,0,446,2,0,0,0,0,0,1,0,0,0,0,9,12
GR040260011,ACHELOOS,8,36,3,0,0,0,0,0,0,0,0,0,0,1,0,0,1,0,0,1060,40,0,0,0,0,0,1,0,0,0,0,9,11
GR040260015,ACHELOOS,8,150,4,0,0,0,0,0,0,0,0,0,0,1,0,0,0,1,0,750,23,0,0,0,0,0,1,0,0,0,0,9,11
GR040260016,ACHELOOS,8,150,4,0,0,0,0,0,0,0,0,0,0,1,0,0,0,1,0,750,23,0,0,0,0,0,1,0,0,0,0,9,11
GR040260022,ACHELOOS,8,67,3,0,0,0,0,0,0,0,0,0,0,1,0,0,0,1,0,801,23,0,0,0,0,0,1,0,0,0,0,9,11
GR040260023,ACHELOOS,8,244,4,0,0,0,0,0,0,0,0,0,0,1,0,0,1,0,0,425,19,0,0,0,0,0,1,0,0,0,0,9,11
GR040260025,ACHELOOS,8,13,3,0,0,0,0,0,0,0,0,0,0,1,0,0,0,1,0,1161,10,0,0,0,0,0,1,0,0,0,0,9,11
GR040260026,ACHELOOS,8,12,3,0,0,0,0,0,0,0,0,0,0,1,0,0,1,0,0,1237,10,0,0,0,0,0,1,0,0,0,0,9,11
GR040260029,ACHELOOS,8,24,3,0,0,0,0,0,0,0,0,0,0,1,0,0,1,0,0,980,43,0,0,0,0,0,1,0,0,0,0,9,11
GR040260030,ACHELOOS,8,1200,6,0,0,0,0,0,0,0,0,0,0,1,0,0,0,1,0,366,5,0,0,0,0,0,1,0,0,0,0,9,11
GR040260031,ACHELOOS,8,160,4,0,0,0,0,0,0,0,0,0,0,1,0,0,1,0,0,644,25,0,0,0,0,0,1,0,0,0,0,9,11
GR040260033,ACHELOOS,8,77,4,0,0,0,0,0,0,0,0,0,0,1,0,0,1,0,0,934,15,0,0,0,0,0,1,0,0,0,0,9,11
GR040260034,ACHELOOS,8,8,3,0,0,0,0,0,0,0,0,0,0,1,0,0,1,0,0,1136,14,0,0,0,0,0,1,0,0,0,0,9,11
GR040260039,ACHELOOS,8,61,4,0,0,0,0,0,0,0,0,0,0,1,0,0,0,1,0,1029,10,0,0,0,0,0,1,0,0,0,0,9,11
GR040260046,ACHELOOS,8,11,2,0,0,0,0,0,0,0,0,0,0,1,0,0,1,0,0,658,78,0,0,0,0,0,1,0,0,0,0,9,11
GR040260049,ACHELOOS,8,247,5,0,0,0,0,0,0,0,0,0,0,1,0,0,1,0,0,860,2,0,0,0,0,0,1,0,0,0,0,9,11
GR040260051,ACHELOOS,8,97,4,0,0,0,0,0,0,0,0,0,0,1,0,0,1,0,0,967,30,0,0,0,0,0,1,0,0,0,0,9,11
GR040260054,ACHELOOS,8,136,4,0,0,0,0,0,0,0,0,0,0,1,0,0,1,0,0,720,1,0,0,0,0,0,1,0,0,0,0,9,11
GR040260057,ACHELOOS,8,34,2,0,0,0,0,0,0,0,0,0,0,1,0,0,1,0,0,898,77,0,0,0,0,0,1,0,0,0,0,9,11
GR040260058,ACHELOOS,8,24,3,0,0,0,0,0,0,0,0,0,0,1,0,0,1,0,0,426,61,0,0,0,0,0,1,0,0,0,0,9,11
GR040260060,ACHELOOS,8,51,3,0,0,0,0,0,0,0,0,0,0,1,0,0,1,0,0,729,22,0,0,0,0,0,1,0,0,0,0,9,11
GR040260061,ACHELOOS,8,445,5,0,0,0,0,0,0,0,0,0,0,1,0,0,0,1,0,377,23,0,0,0,0,0,1,0,0,0,0,9,11
GR050210003,ARACTHOS,8,51,4,0,0,0,0,0,0,0,0,0,0,1,0,0,1,0,0,816,10,0,0,0,0,0,1,0,0,0,0,9,11
GR050210005,ARACTHOS,8,17,3,0,0,0,0,0,0,0,0,0,0,1,0,0,0,1,0,869,50,0,0,0,0,0,1,0,0,0,0,9,11
GR050210012,ARACTHOS,8,57,3,0,0,0,0,0,0,0,0,0,0,1,0,0,1,0,0,472,31,0,0,0,0,0,1,0,0,0,0,9,11
GR050210014,ARACTHOS,8,12,3,0,0,0,0,0,0,0,0,0,0,1,0,0,1,0,0,884,10,0,0,0,0,0,1,0,0,0,0,9,11
GR050210015,ARACTHOS,8,22,3,0,0,0,0,0,0,0,0,0,0,1,0,0,0,1,0,812,30,0,0,0,0,0,1,0,0,0,0,9,11
GR050210016,ARACTHOS,8,104,4,0,0,0,0,0,0,0,0,0,0,1,0,0,1,0,0,538,49,0,0,0,0,0,1,0,0,0,0,9,11
GR050210019,ARACTHOS,8,25,3,0,0,0,0,0,0,0,0,0,0,1,0,0,1,0,0,794,12,0,0,0,0,0,1,0,0,0,0,9,11
GR050210021,ARACTHOS,8,227,4,0,0,0,0,0,0,0,0,0,0,1,0,0,0,1,0,533,8,0,0,0,0,0,1,0,0,0,0,9,11
GR050210024,ARACTHOS,8,187,4,0,0,0,0,0,0,0,0,0,0,1,0,0,0,1,0,602,18,0,0,0,0,0,1,0,0,0,0,9,11
GR050210033,ARACTHOS,8,107,3,0,0,0,0,0,0,0,0,0,0,1,0,0,0,1,0,716,71,0,0,0,0,0,1,0,0,0,0,9,11
GR050910002,AOOS,8,27,3,0,0,0,0,0,0,0,0,0,0,1,0,0,0,1,0,1342,41,0,0,0,0,0,1,0,0,0,0,9,11
GR050910007,AOOS,8,580,5,0,0,0,0,0,0,0,0,0,0,1,0,0,0,1,0,483,44,0,0,0,0,0,1,0,0,0,0,9,11
GR050910008,AOOS,8,1093,5,0,0,0,0,0,0,0,0,0,0,1,0,0,1,0,0,354,4,0,0,0,0,0,1,0,0,0,0,9,11
GR050910010,AOOS,8,337,4,0,0,0,0,0,0,0,0,0,0,1,0,0,1,0,0,468,25,0,0,0,0,0,1,0,0,0,0,9,11
GR050910012,AOOS,8,123,4,0,0,0,0,0,0,0,0,0,0,1,0,0,0,1,0,966,3,0,0,0,0,0,1,0,0,0,0,9,11
GR090200003,ALIAKMON,8,108,4,0,0,0,0,0,0,0,0,0,0,1,0,0,1,0,0,492,50,0,0,0,0,0,1,0,0,0,0,9,11
IR12C030200,Clody,11,36,2,0,0,0,0,0,0,1,0,0,0,0,0,0,0,1,0,76,13,0,1,0,0,0,0,0,0,0,0,6,7
IR12D030200,Douglas,11,34,1,0,0,0,0,0,0,1,0,0,0,0,0,0,0,1,0,76,3,0,1,0,0,0,0,0,0,0,0,6,7
IR12U010200,Urrin,11,75,2,0,0,0,0,0,0,1,0,0,0,0,0,0,0,1,0,42,5,0,1,0,0,0,0,0,0,0,0,6,7
IR13D010350,Duncormick,11,39,1,0,0,0,0,0,0,1,0,0,0,0,0,0,0,1,0,18,3,0,1,0,0,0,0,0,0,0,0,6,7
IR15G010200,Glory,1,69,2,0,0,0,0,0,0,1,0,0,0,0,0,0,1,0,0,51,2,0,1,0,0,0,0,0,0,0,0,8,7
IR15N020100,Nuenna,11,37,1,0,0,0,0,0,0,1,0,0,0,0,0,0,1,0,0,95,6,0,1,0,0,0,0,0,0,0,0,8,7
IR16A020600,Anner,1,85,2,0,0,0,0,0,0,1,0,0,0,0,0,0,1,0,0,54,2,0,1,0,0,0,0,0,0,0,0,8,7
IR16N010100,Nier,11,69,3,0,0,0,0,0,0,1,0,0,0,0,0,0,0,1,0,72,10,0,1,0,0,0,0,0,0,0,0,6,7
IR17C010250,Colligan,1,84,3,0,0,0,0,0,0,1,0,0,0,0,0,0,1,0,0,40,10,0,1,0,0,0,0,0,0,0,0,8,7
IR19L030100,Lee (Inchinossig br.),11,34,2,0,0,0,0,0,0,1,0,0,0,0,0,0,0,1,0,98,5,0,1,0,0,0,0,0,0,0,0,6,7
IR19M010600,Martin,11,96,2,0,0,0,0,0,0,1,0,0,0,0,0,0,0,1,0,30,3,0,1,0,0,0,0,0,0,0,0,6,7
IR22F020300,Flesk,1,324,4,0,0,0,0,0,0,1,0,0,0,0,0,0,1,0,0,25,3,0,1,0,0,0,0,0,0,0,0,8,7
IR22M010700,Maine,1,308,4,0,0,0,0,0,0,1,0,0,0,0,0,0,1,0,0,9,2,0,1,0,0,0,0,0,0,0,0,8,7
IR22O030400,Owenreagh,11,65,3,0,0,0,0,0,0,1,0,0,0,0,0,0,0,1,0,24,4,0,1,0,0,0,0,0,0,0,0,6,7
IR22S010100,Shanowen,1,52,2,0,0,0,0,0,0,1,0,0,0,0,0,0,1,0,0,29,3,0,1,0,0,0,0,0,0,0,0,8,7
IR23F010500,Feale,11,479,4,0,0,0,0,0,0,1,0,0,0,0,0,0,0,1,0,36,2,0,1,0,0,0,0,0,0,0,0,6,7
IR23S020700,Smearlagh,11,130,2,0,0,0,0,0,0,1,0,0,0,0,0,0,0,1,0,45,5,0,1,0,0,0,0,0,0,0,0,6,7
IR25B100100,Bow,11,14,1,0,0,0,0,0,0,1,0,0,0,0,0,0,0,1,0,80,17,0,1,0,0,0,0,0,0,0,0,6,7
IR25G040025,Graney,11,15,1,0,0,0,0,0,0,1,0,0,0,0,0,0,0,1,0,85,18,0,1,0,0,0,0,0,0,0,0,6,7
IR25G210010,Glenfelly,11,11,1,0,0,0,0,0,0,1,0,0,0,0,0,0,0,1,0,142,18,0,1,0,0,0,0,0,0,0,0,6,7
IR25L010200,Little,12,37,1,0,0,0,0,0,0,1,0,0,0,0,0,0,0,0,1,39,2,0,1,0,0,0,0,0,0,0,0,10,7
IR25S020700,Silver,12,168,2,0,0,0,0,0,0,1,0,0,0,0,0,0,0,0,1,47,1,0,1,0,0,0,0,0,0,0,0,10,7
IR26M020500,Inny,1,113,2,0,0,0,0,0,0,1,0,0,0,0,0,0,1,0,0,64,1,0,1,0,0,0,0,0,0,0,0,8,7
IR26S020500,Shannon (Battlebridge),14,563,3,0,0,0,1,0,0,0,0,0,0,0,0,0,0,1,0,40,0,0,1,0,0,0,0,0,0,0,0,6,4
IR26S070300,Suck (Cloondacarra),4,170,3,0,0,0,0,0,0,1,0,0,0,0,0,0,1,0,0,60,1,0,1,0,0,0,0,0,0,0,0,8,7
IR26S071100,Suck (Ballyforan),12,1055,5,0,0,0,0,0,0,1,0,0,0,0,0,0,0,0,1,41,0,0,1,0,0,0,0,0,0,0,0,10,7
IR27G020600,Gourna,11,17,1,0,0,0,0,0,0,1,0,0,0,0,0,0,1,0,0,34,15,0,1,0,0,0,0,0,0,0,0,8,7
IR32B030100,Bunowen,11,36,1,0,0,0,0,0,0,1,0,0,0,0,0,0,0,1,0,60,10,0,1,0,0,0,0,0,0,0,0,6,7
IR32G030100,Glennamong,11,19,1,0,0,0,0,0,0,1,0,0,0,0,0,0,0,1,0,39,17,0,1,0,0,0,0,0,0,0,0,6,7
IR33B010100,Ballinglen,11,45,2,0,0,0,0,0,0,1,0,0,0,0,0,0,0,1,0,18,5,0,1,0,0,0,0,0,0,0,0,6,7
IR33G010100,Glenamoy,12,88,2,0,0,0,0,0,0,1,0,0,0,0,0,0,0,0,1,10,2,0,1,0,0,0,0,0,0,0,0,10,7
IR34B080400,Behy,11,31,2,0,0,0,0,0,0,1,0,0,0,0,0,0,0,1,0,27,3,0,1,0,0,0,0,0,0,0,0,6,7
IR34C050030,Clydagh,12,60,1,0,0,0,0,0,0,1,0,0,0,0,0,0,0,0,1,66,7,0,1,0,0,0,0,0,0,0,0,10,7
IR34M020050,Moy (Cloonbaniff),11,17,1,0,0,0,0,0,0,1,0,0,0,0,0,0,1,0,0,86,12,0,1,0,0,0,0,0,0,0,0,8,7
IR36A021400,Annalee,11,850,4,0,0,0,0,0,0,1,0,0,0,0,0,0,0,1,0,53,2,0,1,0,0,0,0,0,0,0,0,6,7
IR36D020150,Dromore,14,44,2,0,0,0,1,0,0,0,0,0,0,0,0,0,0,1,0,82,0,0,1,0,0,0,0,0,0,0,0,6,4
IR36S010300,Swanlinbar,14,29,2,0,0,0,1,0,0,0,0,0,0,0,0,0,0,1,0,59,14,0,1,0,0,0,0,0,0,0,0,6,4
IR36W030700,Waterfoot,14,44,3,0,0,0,1,0,0,0,0,0,0,0,0,0,0,1,0,54,5,0,1,0,0,0,0,0,0,0,0,6,4
IR38C060100,Cronaniv Burn,14,7,2,0,0,0,1,0,0,0,0,0,0,0,0,0,0,1,0,80,14,0,1,0,0,0,0,0,0,0,0,6,4
IR39G050100,Glaskeelan,14,17,1,0,0,0,1,0,0,0,0,0,0,0,0,0,0,1,0,104,16,0,1,0,0,0,0,0,0,0,0,6,4
IR39S020050,Swilly,14,11,1,0,0,0,1,0,0,0,0,0,0,0,0,0,0,1,0,120,26,0,1,0,0,0,0,0,0,0,0,6,4
IRCFB023,Owennamarve,14,26,1,0,0,0,1,0,0,0,0,0,0,0,0,0,0,1,0,46,9,0,1,0,0,0,0,0,0,0,0,6,4
IRCFB024,Owennamarve,14,26,1,0,0,0,1,0,0,0,0,0,0,0,0,0,0,1,0,46,9,0,1,0,0,0,0,0,0,0,0,6,4
IRCFB027,Lough sallagh trib,14,29,1,0,0,0,1,0,0,0,0,0,0,0,0,0,0,1,0,24,3,0,1,0,0,0,0,0,0,0,0,6,4
IRCFB028,Owennamarve,14,26,1,0,0,0,1,0,0,0,0,0,0,0,0,0,0,1,0,46,9,0,1,0,0,0,0,0,0,0,0,6,4
IRCFB029,Owennamarve,14,26,1,0,0,0,1,0,0,0,0,0,0,0,0,0,0,1,0,46,9,0,1,0,0,0,0,0,0,0,0,6,4
IRCFB033,County,14,57,2,0,0,0,1,0,0,0,0,0,0,0,0,0,0,1,0,40,6,0,1,0,0,0,0,0,0,0,0,6,4
IRCFB035,County,14,24,2,0,0,0,1,0,0,0,0,0,0,0,0,0,0,1,0,65,6,0,1,0,0,0,0,0,0,0,0,6,4
IRCFB037,County,14,57,2,0,0,0,1,0,0,0,0,0,0,0,0,0,0,1,0,40,6,0,1,0,0,0,0,0,0,0,0,6,4
IRCFB044,Smearlagh,11,86,2,0,0,0,0,0,0,1,0,0,0,0,0,0,0,1,0,74,9,0,1,0,0,0,0,0,0,0,0,6,7
IRCFB046,Owveg,11,32,2,0,0,0,0,0,0,1,0,0,0,0,0,0,0,1,0,105,8,0,1,0,0,0,0,0,0,0,0,6,7
IRCFB048,Owveg,11,76,3,0,0,0,0,0,0,1,0,0,0,0,0,0,0,1,0,76,7,0,1,0,0,0,0,0,0,0,0,6,7
IRCFB049,Clydagh,11,41,1,0,0,0,0,0,0,1,0,0,0,0,0,0,0,1,0,167,13,0,1,0,0,0,0,0,0,0,0,6,7
IRCFB050,Breanagh,11,27,2,0,0,0,0,0,0,1,0,0,0,0,0,0,0,1,0,150,10,0,1,0,0,0,0,0,0,0,0,6,7
IRCFB051,Caher,11,18,2,0,0,0,0,0,0,1,0,0,0,0,0,0,0,1,0,144,17,0,1,0,0,0,0,0,0,0,0,6,7
IRCFB053,Oolagh,11,23,2,0,0,0,0,0,0,1,0,0,0,0,0,0,0,1,0,107,12,0,1,0,0,0,0,0,0,0,0,6,7
IRCFB064,Summerbank,11,11,1,0,0,0,0,0,0,1,0,0,0,0,0,0,1,0,0,92,5,0,1,0,0,0,0,0,0,0,0,8,7
IRCFB065,Halfcarton,1,21,2,0,0,0,0,0,0,1,0,0,0,0,0,0,1,0,0,92,7,0,1,0,0,0,0,0,0,0,0,8,7
IRCFB067,Mountnugent,11,18,2,0,0,0,0,0,0,1,0,0,0,0,0,0,0,1,0,91,2,0,1,0,0,0,0,0,0,0,0,6,7
IRCFB075,Dunloe,11,15,1,0,0,0,0,0,0,1,0,0,0,0,0,0,0,1,0,115,23,0,1,0,0,0,0,0,0,0,0,6,7
IRCFB076,Owenacullin,11,6,2,0,0,0,0,0,0,1,0,0,0,0,0,0,0,1,0,88,47,0,1,0,0,0,0,0,0,0,0,6,7
IRCFB079,Owenacullin,11,11,3,0,0,0,0,0,0,1,0,0,0,0,0,0,0,1,0,34,4,0,1,0,0,0,0,0,0,0,0,6,7
IRCFB080,Glasheenrogoad,11,5,1,0,0,0,0,0,0,1,0,0,0,0,0,0,0,1,0,234,90,0,1,0,0,0,0,0,0,0,0,6,7
IRCFB081,Gaddagh,11,24,3,0,0,0,0,0,0,1,0,0,0,0,0,0,0,1,0,69,21,0,1,0,0,0,0,0,0,0,0,6,7
IRCFB082,Gaddagh,1,44,4,0,0,0,0,0,0,1,0,0,0,0,0,0,1,0,0,20,4,0,1,0,0,0,0,0,0,0,0,8,7
IRCFB083,Gaddagh,1,24,3,0,0,0,0,0,0,1,0,0,0,0,0,0,1,0,0,69,21,0,1,0,0,0,0,0,0,0,0,8,7
IRCFB085,Meanus,11,3,1,0,0,0,0,0,0,1,0,0,0,0,0,0,0,1,0,182,74,0,1,0,0,0,0,0,0,0,0,6,7
IRCFB086,Meanus,11,18,2,0,0,0,0,0,0,1,0,0,0,0,0,0,0,1,0,44,14,0,1,0,0,0,0,0,0,0,0,6,7
IRCFB094,Gweestin,11,13,1,0,0,0,0,0,0,1,0,0,0,0,0,0,0,1,0,56,7,0,1,0,0,0,0,0,0,0,0,6,7
IRCFB097,Glanooragh,1,40,2,0,0,0,0,0,0,1,0,0,0,0,0,0,1,0,0,54,4,0,1,0,0,0,0,0,0,0,0,8,7
IRCFB098,Gweestin,11,13,1,0,0,0,0,0,0,1,0,0,0,0,0,0,1,0,0,56,7,0,1,0,0,0,0,0,0,0,0,8,7
IRCFB099,Gweestin,1,69,2,0,0,0,0,0,0,1,0,0,0,0,0,0,1,0,0,25,4,0,1,0,0,0,0,0,0,0,0,8,7
IRCFB104,Cottoners,11,6,1,0,0,0,0,0,0,1,0,0,0,0,0,0,0,1,0,288,83,0,1,0,0,0,0,0,0,0,0,6,7
IRCFB108,Manulla,1,192,3,0,0,0,0,0,0,1,0,0,0,0,0,0,1,0,0,16,4,0,1,0,0,0,0,0,0,0,0,8,7
IRCFB109,Brandra,11,27,1,0,0,0,0,0,0,1,0,0,0,0,0,0,0,1,0,18,2,0,1,0,0,0,0,0,0,0,0,6,7
IRCFB117,Mahanagh,12,45,2,0,0,0,0,0,0,1,0,0,0,0,0,0,0,0,1,62,1,0,1,0,0,0,0,0,0,0,0,10,7
IRCFB132,Glensaul,11,25,2,0,0,0,0,0,0,1,0,0,0,0,0,0,0,1,0,34,7,0,1,0,0,0,0,0,0,0,0,6,7
IRCFB134,Glensaul,11,13,1,0,0,0,0,0,0,1,0,0,0,0,0,0,0,1,0,71,12,0,1,0,0,0,0,0,0,0,0,6,7
IRCFB135,Glensaul,11,13,1,0,0,0,0,0,0,1,0,0,0,0,0,0,0,1,0,71,12,0,1,0,0,0,0,0,0,0,0,6,7
IRCFB136,Glensaul,11,13,1,0,0,0,0,0,0,1,0,0,0,0,0,0,0,1,0,71,12,0,1,0,0,0,0,0,0,0,0,6,7
IRCFB137,Glensaul,11,13,1,0,0,0,0,0,0,1,0,0,0,0,0,0,0,1,0,71,12,0,1,0,0,0,0,0,0,0,0,6,7
IRCFB138,Glensaul,11,13,1,0,0,0,0,0,0,1,0,0,0,0,0,0,0,1,0,71,12,0,1,0,0,0,0,0,0,0,0,6,7
IRCFB139,Glensaul,11,13,1,0,0,0,0,0,0,1,0,0,0,0,0,0,0,1,0,71,12,0,1,0,0,0,0,0,0,0,0,6,7
IRCFB140,Garranderra,11,13,1,0,0,0,0,0,0,1,0,0,0,0,0,0,0,1,0,71,12,0,1,0,0,0,0,0,0,0,0,6,7
IRCFB142,Derryneeny,11,13,1,0,0,0,0,0,0,1,0,0,0,0,0,0,0,1,0,71,12,0,1,0,0,0,0,0,0,0,0,6,7
IRCFB143,Tourmakeady mountain stream,11,6,1,0,0,0,0,0,0,1,0,0,0,0,0,0,0,1,0,74,40,0,1,0,0,0,0,0,0,0,0,6,7
IRCFB144,Tourmakeady,11,13,1,0,0,0,0,0,0,1,0,0,0,0,0,0,0,1,0,71,12,0,1,0,0,0,0,0,0,0,0,6,7
IRCFB147,Sruffaunagreeve,11,13,1,0,0,0,0,0,0,1,0,0,0,0,0,0,0,1,0,71,12,0,1,0,0,0,0,0,0,0,0,6,7
IRCFB148,Sruffaunagreeve,11,13,1,0,0,0,0,0,0,1,0,0,0,0,0,0,0,1,0,71,12,0,1,0,0,0,0,0,0,0,0,6,7
IRCFB149,Sruffaunagreeve,11,13,1,0,0,0,0,0,0,1,0,0,0,0,0,0,0,1,0,71,12,0,1,0,0,0,0,0,0,0,0,6,7
IRCFB150,Sruffaunagreeve,11,13,1,0,0,0,0,0,0,1,0,0,0,0,0,0,0,1,0,71,12,0,1,0,0,0,0,0,0,0,0,6,7
IRCFB151,Sruffaunagreeve,11,13,1,0,0,0,0,0,0,1,0,0,0,0,0,0,0,1,0,71,12,0,1,0,0,0,0,0,0,0,0,6,7
IRCFB152,Sruffaunagreeve,11,13,1,0,0,0,0,0,0,1,0,0,0,0,0,0,0,1,0,71,12,0,1,0,0,0,0,0,0,0,0,6,7
IRCFB153,Srah,11,6,1,0,0,0,0,0,0,1,0,0,0,0,0,0,0,1,0,24,13,0,1,0,0,0,0,0,0,0,0,6,7
IRCFB154,Srah,11,6,1,0,0,0,0,0,0,1,0,0,0,0,0,0,0,1,0,24,13,0,1,0,0,0,0,0,0,0,0,6,7
IRCFB158,Derrinaderg,11,7,1,0,0,0,0,0,0,1,0,0,0,0,0,0,0,1,0,26,11,0,1,0,0,0,0,0,0,0,0,6,7
IRCFB159,Derrinaderg,11,7,1,0,0,0,0,0,0,1,0,0,0,0,0,0,0,1,0,26,11,0,1,0,0,0,0,0,0,0,0,6,7
IRCFB160,Derrinaderg,11,7,1,0,0,0,0,0,0,1,0,0,0,0,0,0,0,1,0,26,11,0,1,0,0,0,0,0,0,0,0,6,7
IRCFB163,Gortbunacullin,11,6,1,0,0,0,0,0,0,1,0,0,0,0,0,0,0,1,0,24,13,0,1,0,0,0,0,0,0,0,0,6,7
IRCFB168,Drimneen,11,20,1,0,0,0,0,0,0,1,0,0,0,0,0,0,1,0,0,50,14,0,1,0,0,0,0,0,0,0,0,8,7
IRCFB169,Drimneen,11,20,1,0,0,0,0,0,0,1,0,0,0,0,0,0,1,0,0,50,14,0,1,0,0,0,0,0,0,0,0,8,7
IRCFB170,Drimneen,11,20,1,0,0,0,0,0,0,1,0,0,0,0,0,0,1,0,0,50,14,0,1,0,0,0,0,0,0,0,0,8,7
IRCFB171,Drimneen,11,20,1,0,0,0,0,0,0,1,0,0,0,0,0,0,1,0,0,50,14,0,1,0,0,0,0,0,0,0,0,8,7
IRCFB172,Drimneen,11,20,1,0,0,0,0,0,0,1,0,0,0,0,0,0,1,0,0,50,14,0,1,0,0,0,0,0,0,0,0,8,7
IRCFB173,Magheramore,11,6,1,0,0,0,0,0,0,1,0,0,0,0,0,0,1,0,0,8,3,0,1,0,0,0,0,0,0,0,0,8,7
IRCFB174,Magheramore,11,6,1,0,0,0,0,0,0,1,0,0,0,0,0,0,1,0,0,8,3,0,1,0,0,0,0,0,0,0,0,8,7
IRCFB176,Maum,11,22,1,0,0,0,0,0,0,1,0,0,0,0,0,0,0,1,0,110,28,0,1,0,0,0,0,0,0,0,0,6,7
IRCFB177,Failmore,11,22,1,0,0,0,0,0,0,1,0,0,0,0,0,0,0,1,0,110,28,0,1,0,0,0,0,0,0,0,0,6,7
IRCFB178,Bunbhucain,11,22,1,0,0,0,0,0,0,1,0,0,0,0,0,0,0,1,0,110,28,0,1,0,0,0,0,0,0,0,0,6,7
IRCFB179,Bunbhucain,11,22,1,0,0,0,0,0,0,1,0,0,0,0,0,0,0,1,0,110,28,0,1,0,0,0,0,0,0,0,0,6,7
IRCFB186,Castlerahan,11,21,1,0,0,0,0,0,0,1,0,0,0,0,0,0,0,1,0,77,4,0,1,0,0,0,0,0,0,0,0,6,7
IRCFB187,Rassan,11,5,1,0,0,0,0,0,0,1,0,0,0,0,0,0,0,1,0,76,0,0,1,0,0,0,0,0,0,0,0,6,7
IRCFB188,Rassan,11,5,1,0,0,0,0,0,0,1,0,0,0,0,0,0,0,1,0,76,0,0,1,0,0,0,0,0,0,0,0,6,7
IRCFB189,Rassan,11,5,1,0,0,0,0,0,0,1,0,0,0,0,0,0,0,1,0,76,0,0,1,0,0,0,0,0,0,0,0,6,7
IRCFB192,Pound,11,7,1,0,0,0,0,0,0,1,0,0,0,0,0,0,0,1,0,82,14,0,1,0,0,0,0,0,0,0,0,6,7
IRCFB195,Finaway,11,8,1,0,0,0,0,0,0,1,0,0,0,0,0,0,0,1,0,70,2,0,1,0,0,0,0,0,0,0,0,6,7
IRCFB202,Mountnugent,11,38,2,0,0,0,0,0,0,1,0,0,0,0,0,0,0,1,0,72,3,0,1,0,0,0,0,0,0,0,0,6,7
IRCFB203,Mountnugent,11,38,2,0,0,0,0,0,0,1,0,0,0,0,0,0,0,1,0,72,3,0,1,0,0,0,0,0,0,0,0,6,7
IRCFB205,Cornamona,11,18,1,0,0,0,0,0,0,1,0,0,0,0,0,0,0,1,0,31,9,0,1,0,0,0,0,0,0,0,0,6,7
IRCFB206,Cornamona,11,18,1,0,0,0,0,0,0,1,0,0,0,0,0,0,0,1,0,31,9,0,1,0,0,0,0,0,0,0,0,6,7
IRCFB208,Millpark,11,5,1,0,0,0,0,0,0,1,0,0,0,0,0,0,0,1,0,22,28,0,1,0,0,0,0,0,0,0,0,6,7
IRCFB209,Millpark,11,5,1,0,0,0,0,0,0,1,0,0,0,0,0,0,0,1,0,22,28,0,1,0,0,0,0,0,0,0,0,6,7
IRCFB210,Millpark,11,5,1,0,0,0,0,0,0,1,0,0,0,0,0,0,0,1,0,22,28,0,1,0,0,0,0,0,0,0,0,6,7
IRCFB211,Millpark,11,5,1,0,0,0,0,0,0,1,0,0,0,0,0,0,0,1,0,22,28,0,1,0,0,0,0,0,0,0,0,6,7
IRCFB212,Millpark,11,5,1,0,0,0,0,0,0,1,0,0,0,0,0,0,0,1,0,22,28,0,1,0,0,0,0,0,0,0,0,6,7
IRCFB213,Millpark,11,5,1,0,0,0,0,0,0,1,0,0,0,0,0,0,0,1,0,22,28,0,1,0,0,0,0,0,0,0,0,6,7
IRCFB214,Millpark,11,5,1,0,0,0,0,0,0,1,0,0,0,0,0,0,0,1,0,22,28,0,1,0,0,0,0,0,0,0,0,6,7
IRCFB215,Millpark,11,5,1,0,0,0,0,0,0,1,0,0,0,0,0,0,0,1,0,22,28,0,1,0,0,0,0,0,0,0,0,6,7
IRCFB216,Srahnalong,11,24,1,0,0,0,0,0,0,1,0,0,0,0,0,0,0,1,0,172,31,0,1,0,0,0,0,0,0,0,0,6,7
IRCFB218,Cloughbrack,11,9,1,0,0,0,0,0,0,1,0,0,0,0,0,0,0,1,0,26,7,0,1,0,0,0,0,0,0,0,0,6,7
IRCFB219,Cloughbrack,11,9,1,0,0,0,0,0,0,1,0,0,0,0,0,0,0,1,0,26,7,0,1,0,0,0,0,0,0,0,0,6,7
IRCFB220,Cloughbrack,11,9,1,0,0,0,0,0,0,1,0,0,0,0,0,0,0,1,0,26,7,0,1,0,0,0,0,0,0,0,0,6,7
IRCFB221,Cloughbrack,11,9,1,0,0,0,0,0,0,1,0,0,0,0,0,0,0,1,0,26,7,0,1,0,0,0,0,0,0,0,0,6,7
IRCFB222,Cloughbrack,11,9,1,0,0,0,0,0,0,1,0,0,0,0,0,0,0,1,0,26,7,0,1,0,0,0,0,0,0,0,0,6,7
IRCFB223,Cloughbrack,11,9,1,0,0,0,0,0,0,1,0,0,0,0,0,0,0,1,0,26,7,0,1,0,0,0,0,0,0,0,0,6,7
IRCFB251,Cloghvoola,11,4,1,0,0,0,0,0,0,1,0,0,0,0,0,0,0,1,0,120,56,0,1,0,0,0,0,0,0,0,0,6,7
IRCFB252,Cummeragh,11,20,2,0,0,0,0,0,0,1,0,0,0,0,0,0,0,1,0,96,8,0,1,0,0,0,0,0,0,0,0,6,7
IRCFB253,Cummeragh,11,20,2,0,0,0,0,0,0,1,0,0,0,0,0,0,0,1,0,96,8,0,1,0,0,0,0,0,0,0,0,6,7
IRCFB254,Cummeragh,11,20,2,0,0,0,0,0,0,1,0,0,0,0,0,0,0,1,0,96,8,0,1,0,0,0,0,0,0,0,0,6,7
IRCFB276,Glendasan,11,38,2,0,0,0,0,0,0,1,0,0,0,0,0,0,0,1,0,130,5,0,1,0,0,0,0,0,0,0,0,6,7
IRCFB277,Glendasan,11,14,1,0,0,0,0,0,0,1,0,0,0,0,0,0,0,1,0,229,45,0,1,0,0,0,0,0,0,0,0,6,7
IRCFB278,Glenmacnass,11,31,1,0,0,0,0,0,0,1,0,0,0,0,0,0,0,1,0,268,27,0,1,0,0,0,0,0,0,0,0,6,7
IRCFB279,Ow tributary,11,13,2,0,0,0,0,0,0,1,0,0,0,0,0,0,0,1,0,299,42,0,1,0,0,0,0,0,0,0,0,6,7
IRCFB280,Avonbeg,11,27,2,0,0,0,0,0,0,1,0,0,0,0,0,0,0,1,0,150,11,0,1,0,0,0,0,0,0,0,0,6,7
IRCFB281,Ow tributary,11,5,1,0,0,0,0,0,0,1,0,0,0,0,0,0,0,1,0,199,24,0,1,0,0,0,0,0,0,0,0,6,7
IRCFB283,Owenglin,11,39,2,0,0,0,0,0,0,1,0,0,0,0,0,0,0,1,0,54,9,0,1,0,0,0,0,0,0,0,0,6,7
IRCFB285,Aille,11,84,2,0,0,0,0,0,0,1,0,0,0,0,0,0,0,1,0,22,2,0,1,0,0,0,0,0,0,0,0,6,7
IRCFB287,Gowlan,12,18,1,0,0,0,0,0,0,1,0,0,0,0,0,0,0,0,1,115,8,0,1,0,0,0,0,0,0,0,0,10,7
IRCFB288,Dunneill,11,16,1,0,0,0,0,0,0,1,0,0,0,0,0,0,0,1,0,100,22,0,1,0,0,0,0,0,0,0,0,6,7
IRCFB289,Keerglen,11,15,1,0,0,0,0,0,0,1,0,0,0,0,0,0,0,1,0,83,26,0,1,0,0,0,0,0,0,0,0,6,7
IRCFB290,Behy,11,11,2,0,0,0,0,0,0,1,0,0,0,0,0,0,0,1,0,56,13,0,1,0,0,0,0,0,0,0,0,6,7
IRCFB291,Gourna,11,17,1,0,0,0,0,0,0,1,0,0,0,0,0,0,1,0,0,34,15,0,1,0,0,0,0,0,0,0,0,8,7
IRCFB292,Spancelhill,1,19,2,0,0,0,0,0,0,1,0,0,0,0,0,0,1,0,0,20,4,0,1,0,0,0,0,0,0,0,0,8,7
IRCFB293,Broadford,11,36,1,0,0,0,0,0,0,1,0,0,0,0,0,0,0,1,0,32,2,0,1,0,0,0,0,0,0,0,0,6,7
IRCFB294,Newport,11,30,1,0,0,0,0,0,0,1,0,0,0,0,0,0,0,1,0,207,12,0,1,0,0,0,0,0,0,0,0,6,7
IRCFB295,Cloghoge,11,22,1,0,0,0,0,0,0,1,0,0,0,0,0,0,0,1,0,313,36,0,1,0,0,0,0,0,0,0,0,6,7
IRCFB297,Attymass,11,31,2,0,0,0,0,0,0,1,0,0,0,0,0,0,0,1,0,12,3,0,1,0,0,0,0,0,0,0,0,6,7
IRCFB298,Attymass,11,31,2,0,0,0,0,0,0,1,0,0,0,0,0,0,0,1,0,12,3,0,1,0,0,0,0,0,0,0,0,6,7
IRCFB299,Attymass,11,31,2,0,0,0,0,0,0,1,0,0,0,0,0,0,0,1,0,12,3,0,1,0,0,0,0,0,0,0,0,6,7
IRCFB300,Attymass,11,31,2,0,0,0,0,0,0,1,0,0,0,0,0,0,0,1,0,12,3,0,1,0,0,0,0,0,0,0,0,6,7
IRCFB301,Attymass,11,31,2,0,0,0,0,0,0,1,0,0,0,0,0,0,0,1,0,12,3,0,1,0,0,0,0,0,0,0,0,6,7
IRCFB302,Attymass,11,31,2,0,0,0,0,0,0,1,0,0,0,0,0,0,0,1,0,12,3,0,1,0,0,0,0,0,0,0,0,6,7
IRCFB303,Attymass,11,31,2,0,0,0,0,0,0,1,0,0,0,0,0,0,0,1,0,12,3,0,1,0,0,0,0,0,0,0,0,6,7
IRCFB304,Attymass,11,31,2,0,0,0,0,0,0,1,0,0,0,0,0,0,0,1,0,12,3,0,1,0,0,0,0,0,0,0,0,6,7
IRCFB305,Attymass,11,31,2,0,0,0,0,0,0,1,0,0,0,0,0,0,0,1,0,12,3,0,1,0,0,0,0,0,0,0,0,6,7
IRCFB320,Swanlinbar,15,22,1,0,0,0,1,0,0,0,0,0,0,0,0,0,0,0,1,160,24,0,1,0,0,0,0,0,0,0,0,10,4
IRCFB321,Cronaniv Burn,14,19,2,0,0,0,1,0,0,0,0,0,0,0,0,0,0,1,0,66,12,0,1,0,0,0,0,0,0,0,0,6,4
IRCFB323,Ballyhallan,14,9,1,0,0,0,1,0,0,0,0,0,0,0,0,0,0,1,0,61,34,0,1,0,0,0,0,0,0,0,0,6,4
IRUCC001,Douglas,11,21,2,0,0,0,0,0,0,1,0,0,0,0,0,0,0,1,0,62,15,0,1,0,0,0,0,0,0,0,0,6,7
IRUCC002,Douglas,11,21,2,0,0,0,0,0,0,1,0,0,0,0,0,0,0,1,0,62,15,0,1,0,0,0,0,0,0,0,0,6,7
IRUCC003,Douglas,11,21,2,0,0,0,0,0,0,1,0,0,0,0,0,0,0,1,0,62,15,0,1,0,0,0,0,0,0,0,0,6,7
IRUCC004,Douglas,11,21,2,0,0,0,0,0,0,1,0,0,0,0,0,0,0,1,0,62,15,0,1,0,0,0,0,0,0,0,0,6,7
IRUCC005,Douglas,11,21,2,0,0,0,0,0,0,1,0,0,0,0,0,0,0,1,0,62,15,0,1,0,0,0,0,0,0,0,0,6,7
IRUCC006,Douglas,11,21,2,0,0,0,0,0,0,1,0,0,0,0,0,0,0,1,0,62,15,0,1,0,0,0,0,0,0,0,0,6,7
IRUCC007,Douglas,11,21,2,0,0,0,0,0,0,1,0,0,0,0,0,0,0,1,0,62,15,0,1,0,0,0,0,0,0,0,0,6,7
IRUCC008,Douglas,11,21,2,0,0,0,0,0,0,1,0,0,0,0,0,0,0,1,0,62,15,0,1,0,0,0,0,0,0,0,0,6,7
IRUCC009,Douglas,11,21,2,0,0,0,0,0,0,1,0,0,0,0,0,0,0,1,0,62,15,0,1,0,0,0,0,0,0,0,0,6,7
IRUCC010,Douglas,11,21,2,0,0,0,0,0,0,1,0,0,0,0,0,0,0,1,0,62,15,0,1,0,0,0,0,0,0,0,0,6,7
IRUCC011,Douglas,11,21,2,0,0,0,0,0,0,1,0,0,0,0,0,0,0,1,0,62,15,0,1,0,0,0,0,0,0,0,0,6,7
IRUCC012,Douglas,11,21,2,0,0,0,0,0,0,1,0,0,0,0,0,0,0,1,0,62,15,0,1,0,0,0,0,0,0,0,0,6,7
IRUCC013,Douglas,11,21,2,0,0,0,0,0,0,1,0,0,0,0,0,0,0,1,0,62,15,0,1,0,0,0,0,0,0,0,0,6,7
IRUCC014,Douglas,11,21,2,0,0,0,0,0,0,1,0,0,0,0,0,0,0,1,0,62,15,0,1,0,0,0,0,0,0,0,0,6,7
IRUCC015,Douglas,11,21,2,0,0,0,0,0,0,1,0,0,0,0,0,0,0,1,0,62,15,0,1,0,0,0,0,0,0,0,0,6,7
IRUCC031,Glashacloonavere,11,18,1,0,0,0,0,0,0,1,0,0,0,0,0,0,0,1,0,105,17,0,1,0,0,0,0,0,0,0,0,6,7
IRUCC032,Glengariff,11,19,1,0,0,0,0,0,0,1,0,0,0,0,0,0,0,1,0,145,43,0,1,0,0,0,0,0,0,0,0,6,7
IRUCC033,Aherlow,11,23,2,0,0,0,0,0,0,1,0,0,0,0,0,0,0,1,0,146,9,0,1,0,0,0,0,0,0,0,0,6,7
IRUCC034,Owenbaun,11,28,2,0,0,0,0,0,0,1,0,0,0,0,0,0,0,1,0,144,12,0,1,0,0,0,0,0,0,0,0,6,7
IRUCC035,Caragh,11,81,2,0,0,0,0,0,0,1,0,0,0,0,0,0,0,1,0,30,5,0,1,0,0,0,0,0,0,0,0,6,7
IRUCC036,Cloon,11,19,1,0,0,0,0,0,0,1,0,0,0,0,0,0,0,1,0,41,6,0,1,0,0,0,0,0,0,0,0,6,7
IRUCC039,Ivale,11,9,1,0,0,0,0,0,0,1,0,0,0,0,0,0,0,1,0,190,21,0,1,0,0,0,0,0,0,0,0,6,7
IRUCC040,Sullane,11,30,2,0,0,0,0,0,0,1,0,0,0,0,0,0,0,1,0,148,4,0,1,0,0,0,0,0,0,0,0,6,7
IRUCC044,Ballymahan,11,21,1,0,0,0,0,0,0,1,0,0,0,0,0,0,0,1,0,61,9,0,1,0,0,0,0,0,0,0,0,6,7
IRUCC048,Clashawley,11,43,1,0,0,0,0,0,0,1,0,0,0,0,0,0,1,0,0,85,6,0,1,0,0,0,0,0,0,0,0,8,7
IRUCC050,Cummer,11,31,1,0,0,0,0,0,0,1,0,0,0,0,0,0,0,1,0,82,7,0,1,0,0,0,0,0,0,0,0,6,7
IRUCC051,Douglas,11,21,2,0,0,0,0,0,0,1,0,0,0,0,0,0,0,1,0,62,15,0,1,0,0,0,0,0,0,0,0,6,7
IRUCC052,Finisk,11,8,1,0,0,0,0,0,0,1,0,0,0,0,0,0,0,1,0,94,32,0,1,0,0,0,0,0,0,0,0,6,7
IRUCC054,Durrus,11,33,1,0,0,0,0,0,0,1,0,0,0,0,0,0,0,1,0,36,8,0,1,0,0,0,0,0,0,0,0,6,7
IRUCC055,Lingaun,11,41,1,0,0,0,0,0,0,1,0,0,0,0,0,0,0,1,0,130,9,0,1,0,0,0,0,0,0,0,0,6,7
IRUCC058,Owenanare,11,30,1,0,0,0,0,0,0,1,0,0,0,0,0,0,0,1,0,146,9,0,1,0,0,0,0,0,0,0,0,6,7
IRUCC060,Shournagh,11,12,1,0,0,0,0,0,0,1,0,0,0,0,0,0,0,1,0,150,15,0,1,0,0,0,0,0,0,0,0,6,7
IRUCC061,Kiltha,11,31,1,0,0,0,0,0,0,1,0,0,0,0,0,0,0,1,0,48,7,0,1,0,0,0,0,0,0,0,0,6,7
IRUCC062,Ahadallane,11,17,1,0,0,0,0,0,0,1,0,0,0,0,0,0,0,1,0,172,8,0,1,0,0,0,0,0,0,0,0,6,7
IRUCC068,Cauteen,4,68,2,0,0,0,0,0,0,1,0,0,0,0,0,0,1,0,0,64,4,0,1,0,0,0,0,0,0,0,0,8,7
IRUCD054,Brittas,11,30,1,0,0,0,0,0,0,1,0,0,0,0,0,0,0,1,0,217,7,0,1,0,0,0,0,0,0,0,0,6,7
IRUCD056,Glencree,11,34,2,0,0,0,0,0,0,1,0,0,0,0,0,0,0,1,0,104,4,0,1,0,0,0,0,0,0,0,0,6,7
IRUCD058,Newcastle,11,16,2,0,0,0,0,0,0,1,0,0,0,0,0,0,0,1,0,16,10,0,1,0,0,0,0,0,0,0,0,6,7
IRUCD059,Dodder,11,67,2,0,0,0,0,0,0,1,0,0,0,0,0,0,0,1,0,86,10,0,1,0,0,0,0,0,0,0,0,6,7
IRUCD063,Lemonstown,11,28,2,0,0,0,0,0,0,1,0,0,0,0,0,0,0,1,0,130,16,0,1,0,0,0,0,0,0,0,0,6,7
IRUCD064,Owendoher,11,15,1,0,0,0,0,0,0,1,0,0,0,0,0,0,0,1,0,92,21,0,1,0,0,0,0,0,0,0,0,6,7
IRUCD066,Dargle,11,14,1,0,0,0,0,0,0,1,0,0,0,0,0,0,0,1,0,224,51,0,1,0,0,0,0,0,0,0,0,6,7
IRUCD068,Vartry trib,11,11,1,0,0,0,0,0,0,1,0,0,0,0,0,0,0,1,0,250,11,0,1,0,0,0,0,0,0,0,0,6,7
IRUCD069,Derreen,11,35,2,0,0,0,0,0,0,1,0,0,0,0,0,0,0,1,0,161,8,0,1,0,0,0,0,0,0,0,0,6,7
IRUCD070,Vartry trib,11,2,1,0,0,0,0,0,0,1,0,0,0,0,0,0,0,1,0,218,33,0,1,0,0,0,0,0,0,0,0,6,7
IRUCD071,Knickeen,11,13,2,0,0,0,0,0,0,1,0,0,0,0,0,0,0,1,0,216,15,0,1,0,0,0,0,0,0,0,0,6,7
IRUCD072,Little Slaney,11,22,1,0,0,0,0,0,0,1,0,0,0,0,0,0,0,1,0,346,43,0,1,0,0,0,0,0,0,0,0,6,7
IRUCD073,Little Slaney,11,22,1,0,0,0,0,0,0,1,0,0,0,0,0,0,0,1,0,346,43,0,1,0,0,0,0,0,0,0,0,6,7
IRUCD074,Glencullen,11,26,1,0,0,0,0,0,0,1,0,0,0,0,0,0,0,1,0,163,27,0,1,0,0,0,0,0,0,0,0,6,7
IRUCD075,Ballyward,11,5,1,0,0,0,0,0,0,1,0,0,0,0,0,0,0,1,0,192,11,0,1,0,0,0,0,0,0,0,0,6,7
IRUCD076,Urrin,11,24,1,0,0,0,0,0,0,1,0,0,0,0,0,0,0,1,0,168,28,0,1,0,0,0,0,0,0,0,0,6,7
IRUCD077,Urrin trib,11,75,2,0,0,0,0,0,0,1,0,0,0,0,0,0,0,1,0,42,5,0,1,0,0,0,0,0,0,0,0,6,7
LBPv0706,Lucka Bela,2,22,3,0,0,0,0,1,0,0,0,0,0,0,0,0,1,0,0,650,12,0,0,0,0,0,0,1,0,0,0,1,5
LoRu1006,Lobnica,2,34,2,0,0,0,0,1,0,0,0,0,0,0,0,0,0,1,0,481,55,0,0,0,0,0,0,1,0,0,0,2,5
LTDU0007,Dubysa,7,2089,4,0,0,1,0,0,0,0,0,0,0,0,0,0,0,1,0,14,3,0,0,0,0,0,0,0,1,0,0,7,3
LTDU0008,Dubysa,7,1335,4,0,0,1,0,0,0,0,0,0,0,0,0,0,0,1,0,56,1,0,0,0,0,0,0,0,1,0,0,7,3
LTJUAK03,Akmena,7,329,3,0,0,1,0,0,0,0,0,0,0,0,0,0,0,1,0,86,2,0,0,0,0,0,0,0,1,0,0,7,3
LTME0001,Merkys,7,299,4,0,0,1,0,0,0,0,0,0,0,0,0,0,0,1,0,176,1,0,0,0,0,0,0,0,1,0,0,7,3
LTME0009,Merkys,7,4409,5,0,0,1,0,0,0,0,0,0,0,0,0,0,0,1,0,82,3,0,0,0,0,0,0,0,1,0,0,7,3
LTMEAM02,Amarnia,7,137,3,0,0,1,0,0,0,0,0,0,0,0,0,0,0,1,0,106,2,0,0,0,0,0,0,0,1,0,0,7,3
LTMEDE04,Dere§na,7,64,1,0,0,1,0,0,0,0,0,0,0,0,0,0,0,1,0,112,3,0,0,0,0,0,0,0,1,0,0,7,3
LTMESK01,Skroblus,7,25,1,0,0,1,0,0,0,0,0,0,0,0,0,0,0,1,0,112,4,0,0,0,0,0,0,0,1,0,0,7,3
LTMEUL02,Ula-Pelesa,7,655,3,0,0,1,0,0,0,0,0,0,0,0,0,0,0,1,0,118,1,0,0,0,0,0,0,0,1,0,0,7,3
LTMEVI03,Visincia,7,238,3,0,0,1,0,0,0,0,0,0,0,0,0,0,0,1,0,136,1,0,0,0,0,0,0,0,1,0,0,7,3
LTNEAL01,Alçia,7,155,3,0,0,1,0,0,0,0,0,0,0,0,0,0,0,1,0,76,3,0,0,0,0,0,0,0,1,0,0,7,3
LTNEJS01,Jiesia,7,63,1,0,0,1,0,0,0,0,0,0,0,0,0,0,0,1,0,83,2,0,0,0,0,0,0,0,1,0,0,7,3
LTNELA01,Lapainia,7,102,3,0,0,1,0,0,0,0,0,0,0,0,0,0,0,1,0,54,6,0,0,0,0,0,0,0,1,0,0,7,3
LTNESR01,Streva,7,737,3,0,0,1,0,0,0,0,0,0,0,0,0,0,0,1,0,45,3,0,0,0,0,0,0,0,1,0,0,7,3
LTNESV01,æventoji,7,40,1,0,0,1,0,0,0,0,0,0,0,0,0,0,0,1,0,20,7,0,0,0,0,0,0,0,1,0,0,11,3
LTNEVS01,Vieçvile,7,67,3,0,0,1,0,0,0,0,0,0,0,0,0,0,0,1,0,20,2,0,0,0,0,0,0,0,1,0,0,11,3
LTNEVS02,Vieçvile,7,67,3,0,0,1,0,0,0,0,0,0,0,0,0,0,0,1,0,20,2,0,0,0,0,0,0,0,1,0,0,11,3
LTNR0007,Neris,7,16825,6,0,0,1,0,0,0,0,0,0,0,0,0,0,0,1,0,42,2,0,0,0,0,0,0,0,1,0,0,7,3
LTNRKE02,Kena,7,170,3,0,0,1,0,0,0,0,0,0,0,0,0,0,0,1,0,158,1,0,0,0,0,0,0,0,1,0,0,7,3
LTNRKE03,Kena,7,26,1,0,0,1,0,0,0,0,0,0,0,0,0,0,0,1,0,197,7,0,0,0,0,0,0,0,1,0,0,11,3
LTNRNE01,Nemencia,7,82,2,0,0,1,0,0,0,0,0,0,0,0,0,0,0,1,0,116,4,0,0,0,0,0,0,0,1,0,0,7,3
LTNRZI01,?ie§mara,7,58,1,0,0,1,0,0,0,0,0,0,0,0,0,0,0,1,0,80,4,0,0,0,0,0,0,0,1,0,0,7,3
LTSEJO01,Jotija,7,242,3,0,0,1,0,0,0,0,0,0,0,0,0,0,0,1,0,33,1,0,0,0,0,0,0,0,1,0,0,7,3
LTSV0007,æventoji,7,7236,5,0,0,1,0,0,0,0,0,0,0,0,0,0,0,1,0,44,1,0,0,0,0,0,0,0,1,0,0,7,3
LTSV0011,æventoji,7,7313,5,0,0,1,0,0,0,0,0,0,0,0,0,0,0,1,0,41,1,0,0,0,0,0,0,0,1,0,0,7,3
LTSV0017,æventoji,7,3443,5,0,0,1,0,0,0,0,0,0,0,0,0,0,0,1,0,70,0,0,0,0,0,0,0,0,1,0,0,7,3
LTSVNE01,Neve§a,7,108,2,0,0,1,0,0,0,0,0,0,0,0,0,0,0,1,0,92,3,0,0,0,0,0,0,0,1,0,0,7,3
LTSVSE02,Siesartis,7,642,4,0,0,1,0,0,0,0,0,0,0,0,0,0,0,1,0,88,2,0,0,0,0,0,0,0,1,0,0,7,3
LTSVSE04,Siesartis-Malkestas,7,848,4,0,0,1,0,0,0,0,0,0,0,0,0,0,0,1,0,68,2,0,0,0,0,0,0,0,1,0,0,7,3
LTSVSE06,Siesartis-Malkestas,7,848,4,0,0,1,0,0,0,0,0,0,0,0,0,0,0,1,0,68,2,0,0,0,0,0,0,0,1,0,0,7,3
LTSVSI07,æirvinta,7,821,3,0,0,1,0,0,0,0,0,0,0,0,0,0,0,1,0,80,1,0,0,0,0,0,0,0,1,0,0,7,3
LTSVSI09,æirvinta,7,889,3,0,0,1,0,0,0,0,0,0,0,0,0,0,0,1,0,56,2,0,0,0,0,0,0,0,1,0,0,7,3
LTSVSI10,æirvinta,7,889,3,0,0,1,0,0,0,0,0,0,0,0,0,0,0,1,0,56,2,0,0,0,0,0,0,0,1,0,0,7,3
LTSVST02,Store,7,22,1,0,0,1,0,0,0,0,0,0,0,0,0,0,0,1,0,56,7,0,0,0,0,0,0,0,1,0,0,7,3
LTSVVR06,Virinta,7,413,4,0,0,1,0,0,0,0,0,0,0,0,0,0,0,1,0,78,2,0,0,0,0,0,0,0,1,0,0,7,3
LTVELU03,Luçis,7,121,2,0,0,1,0,0,0,0,0,0,0,0,0,0,1,0,0,56,3,0,0,0,0,0,0,0,1,0,0,7,3
LTVESE01,æerkçne,7,254,3,0,0,1,0,0,0,0,0,0,0,0,0,0,1,0,0,58,2,0,0,0,0,0,0,0,1,0,0,7,3
LTVEVR05,Virvyte,7,424,3,0,0,1,0,0,0,0,0,0,0,0,0,0,0,1,0,132,2,0,0,0,0,0,0,0,1,0,0,7,3
LTZE0001,?eimena,7,794,4,0,0,1,0,0,0,0,0,0,0,0,0,0,0,1,0,138,1,0,0,0,0,0,0,0,1,0,0,7,3
LTZE0004,?eimena,7,1757,4,0,0,1,0,0,0,0,0,0,0,0,0,0,0,1,0,122,0,0,0,0,0,0,0,0,1,0,0,7,3
LTZE0005,?eimena,7,2179,4,0,0,1,0,0,0,0,0,0,0,0,0,0,0,1,0,117,0,0,0,0,0,0,0,0,1,0,0,7,3
LTZE0006,?eimena,7,2372,4,0,0,1,0,0,0,0,0,0,0,0,0,0,0,1,0,116,1,0,0,0,0,0,0,0,1,0,0,7,3
LTZE0008,?eimena,7,2378,4,0,0,1,0,0,0,0,0,0,0,0,0,0,0,1,0,116,13,0,0,0,0,0,0,0,1,0,0,11,3
LTZEBU01,Buka,7,159,3,0,0,1,0,0,0,0,0,0,0,0,0,0,0,1,0,148,0,0,0,0,0,0,0,0,1,0,0,7,3
LTZEME04,Mera,7,201,3,0,0,1,0,0,0,0,0,0,0,0,0,0,0,1,0,138,3,0,0,0,0,0,0,0,1,0,0,7,3
LTZEME06,Mera,7,72,2,0,0,1,0,0,0,0,0,0,0,0,0,0,0,1,0,172,1,0,0,0,0,0,0,0,1,0,0,7,3
LTZEPE01,Perçokçna,7,97,2,0,0,1,0,0,0,0,0,0,0,0,0,0,0,1,0,145,0,0,0,0,0,0,0,0,1,0,0,7,3
LTZESA01,Saria,7,60,2,0,0,1,0,0,0,0,0,0,0,0,0,0,0,1,0,128,3,0,0,0,0,0,0,0,1,0,0,7,3
LUX_RC4_1,Our,3,454,3,0,0,0,0,0,1,0,0,0,0,0,0,0,0,1,0,287,9,0,0,1,0,0,0,0,0,0,0,4,6
LUX_RC4_13,Attert,4,217,3,0,0,0,0,0,1,0,0,0,0,0,0,0,1,0,0,248,3,0,0,1,0,0,0,0,0,0,0,5,6
LUX_RC4_5,Wiltz,5,438,4,0,0,0,0,0,1,0,0,0,0,0,0,0,0,1,0,254,3,0,0,1,0,0,0,0,0,0,0,3,6
LUX_RC4_7,Attert,4,303,3,0,0,0,0,0,0,1,0,0,0,0,0,0,1,0,0,222,3,0,0,1,0,0,0,0,0,0,0,5,7
LUX_RC4_9,Clerve,3,185,3,0,0,0,0,0,1,0,0,0,0,0,0,0,0,1,0,317,5,0,0,1,0,0,0,0,0,0,0,3,6
MiMg1007,Mislinja,5,31,3,0,0,0,0,0,1,0,0,0,0,0,0,0,0,1,0,754,82,0,0,0,0,0,0,1,0,0,0,2,6
MzCr0507,Me§a,2,35,3,0,0,0,0,1,0,0,0,0,0,0,0,0,0,1,0,747,36,0,0,0,0,0,0,1,0,0,0,2,5
NI0063,olf ater u/s,15,27,1,0,0,0,1,0,0,0,0,0,0,0,0,0,0,0,1,180,22,0,1,0,0,0,0,0,0,0,0,10,4
NI0064,olf ater d/s,15,27,1,0,0,0,1,0,0,0,0,0,0,0,0,0,0,0,1,180,22,0,1,0,0,0,0,0,0,0,0,10,4
NO01,Atna,6,69,2,0,1,0,0,0,0,0,0,0,0,0,0,0,0,1,0,718,2,0,0,0,0,0,0,1,0,0,0,2,2
NO02,Atna,6,69,2,0,1,0,0,0,0,0,0,0,0,0,0,0,0,1,0,718,2,0,0,0,0,0,0,1,0,0,0,2,2
NO03,Atna,6,941,4,0,1,0,0,0,0,0,0,0,0,0,0,0,0,1,0,490,7,0,0,0,0,0,0,1,0,0,0,2,2
NO04,Atna,6,1010,4,0,1,0,0,0,0,0,0,0,0,0,0,0,0,1,0,439,10,0,0,0,0,0,0,1,0,0,0,2,2
P0010051/04,Rio Lima,9,1561,5,0,0,0,0,0,0,0,0,1,0,0,0,0,0,1,0,80,6,0,1,0,0,0,0,0,0,0,0,6,9
P0010201/05,Rio Coura,9,32,3,0,0,0,0,0,0,0,0,1,0,0,0,0,0,1,0,349,27,0,1,0,0,0,0,0,0,0,0,6,9
P0020051/04,Ribeira de Moreira,9,16,2,0,0,0,0,0,0,0,0,1,0,0,0,0,0,1,0,373,16,0,0,0,0,0,1,0,0,0,0,9,9
P0020301/05,Rio Homem,9,105,4,0,0,0,0,0,0,0,0,1,0,0,0,0,0,1,0,144,24,0,1,0,0,0,0,0,0,0,0,6,9
P0030071/04,Vidoeiro,9,340,3,0,0,0,0,0,0,0,0,1,0,0,0,0,0,1,0,358,23,0,0,0,0,0,1,0,0,0,0,9,9
P0030441/05,Ortigosa,9,16,3,0,0,0,0,0,0,0,0,1,0,0,0,0,0,1,0,210,25,0,0,0,0,0,1,0,0,0,0,9,9
P0030801/05,Curros,9,69,2,0,0,0,0,0,0,0,0,1,0,0,0,0,0,1,0,556,12,0,0,0,0,0,1,0,0,0,0,9,9
P0030851/05,Tâmega,9,1611,5,0,0,0,0,0,0,0,0,1,0,0,0,0,0,1,0,214,2,0,0,0,0,0,1,0,0,0,0,9,9
P0030881/05,Macedo,9,153,3,0,0,0,0,0,0,0,0,0,0,0,1,0,0,1,0,310,8,0,0,0,0,0,1,0,0,0,0,9,12
P0040141/04,ribeira de Folques,9,25,2,0,0,0,0,0,0,0,0,1,0,0,0,0,0,1,0,190,16,0,0,0,0,0,1,0,0,0,0,9,9
P0040291/04,rio ?gueda,9,152,4,0,0,0,0,0,0,0,0,1,0,0,0,0,0,1,0,46,11,0,0,0,0,0,1,0,0,0,0,9,9
P0050101/04,Ribeira do Freixo,10,67,2,0,0,0,0,0,0,0,0,0,0,0,0,1,0,1,0,236,3,0,0,0,0,0,1,0,0,0,0,9,13
P0060081/04,Ribeira de Sao Domingos,10,79,2,0,0,0,0,0,0,0,0,0,0,0,0,1,0,1,0,90,4,0,0,0,0,0,1,0,0,0,0,9,13
P0060121/04,Ribeira de Grândola,10,41,1,0,0,0,0,0,0,0,0,0,0,0,1,0,0,1,0,142,9,0,0,0,0,0,1,0,0,0,0,9,12
P0070021/04,Ribeira do Vascao,10,112,3,0,0,0,0,0,0,0,0,0,0,0,0,1,0,1,0,270,4,0,0,0,0,0,1,0,0,0,0,9,13
P0070031/04,Ribeira do Vascao,10,232,3,0,0,0,0,0,0,0,0,0,0,0,0,1,0,1,0,181,4,0,0,0,0,0,1,0,0,0,0,9,13
P0070071/04,Rio Terges,10,1154,3,0,0,0,0,0,0,0,0,0,0,0,0,1,0,1,0,44,5,0,0,0,0,0,1,0,0,0,0,9,13
P0070131/04,Ribeira de Arronches,10,65,2,0,0,0,0,0,0,0,0,0,0,0,0,1,0,1,0,322,10,0,0,0,0,0,1,0,0,0,0,9,13
P0070141/04,Ribeira de Arronches,10,30,1,0,0,0,0,0,0,0,0,0,0,0,0,1,0,1,0,477,17,0,0,0,0,0,1,0,0,0,0,9,13
P0070151/05,Ribeira do Vascao,10,152,3,0,0,0,0,0,0,0,0,0,0,0,0,1,0,1,0,234,3,0,0,0,0,0,1,0,0,0,0,9,13
P0070161/05,Ribeira do Vascao,10,219,3,0,0,0,0,0,0,0,0,0,0,0,0,1,0,1,0,194,2,0,0,0,0,0,1,0,0,0,0,9,13
P0070171/05,Ribeira do Vascao,10,421,3,0,0,0,0,0,0,0,0,0,0,0,0,1,0,1,0,38,4,0,0,0,0,0,1,0,0,0,0,9,13
P0070341/05,Ribeira de Arronches,10,65,2,0,0,0,0,0,0,0,0,0,0,0,0,1,0,1,0,322,10,0,0,0,0,0,1,0,0,0,0,9,13
P0080081/04,Ribeira de Seixe,10,41,3,0,0,0,0,0,0,0,0,0,0,0,0,1,0,1,0,98,19,0,0,0,0,0,1,0,0,0,0,9,13
P0080091/04,Ribeira de Seixe,10,109,3,0,0,0,0,0,0,0,0,0,0,0,0,1,0,1,0,68,6,0,0,0,0,0,1,0,0,0,0,9,13
P0080101/04,Ribeira de Seixe,10,157,3,0,0,0,0,0,0,0,0,0,0,0,0,1,0,1,0,39,4,0,0,0,0,0,1,0,0,0,0,9,13
PanV0906,Paka,2,63,3,0,0,0,0,1,0,0,0,0,0,0,0,0,1,0,0,404,10,0,0,0,0,0,0,1,0,0,0,1,5
PL_M01BTARNO,Bia³a Tarnowska,4,95,2,0,0,0,0,0,1,0,0,0,0,0,0,0,1,0,0,403,7,0,0,0,0,0,0,1,0,0,0,1,6
PL_M02BRANPOWZ,Branew,3,46,1,0,0,0,0,0,1,0,0,0,0,0,0,0,0,1,0,204,3,0,0,1,0,0,0,0,0,0,0,3,6
PL_M03BLAD,Bia³a L¥decka,2,54,2,0,0,0,0,1,0,0,0,0,0,0,0,0,0,1,0,508,8,0,0,1,0,0,0,0,0,0,0,4,5
PL_M04BRDPL,Brda,3,1552,5,0,0,0,0,0,1,0,0,0,0,0,0,0,0,1,0,118,2,0,0,1,0,0,0,0,0,0,0,3,6
PL_M04GRAJSZCZ,Grajcarek,2,42,2,0,0,0,0,1,0,0,0,0,0,0,0,0,1,0,0,536,23,0,0,0,0,0,0,1,0,0,0,1,5
PL_M04HUCZGROD,Huczwa,12,1439,3,0,0,0,0,0,1,0,0,0,0,0,0,0,0,0,1,176,0,0,0,1,0,0,0,0,0,0,0,10,6
PL_M04MLUNuj,M³yn¢wka,2,15,1,0,0,0,0,1,0,0,0,0,0,0,0,0,0,1,0,438,35,0,0,1,0,0,0,0,0,0,0,4,5
PL_M04PISARYGA,Pisa,3,239,3,0,0,0,0,0,1,0,0,0,0,0,0,0,0,1,0,36,2,0,0,1,0,0,0,0,0,0,0,3,6
PL_M04PROSWYSZ,Prosna,3,1247,4,0,0,0,0,0,1,0,0,0,0,0,0,0,0,1,0,144,1,0,0,1,0,0,0,0,0,0,0,3,6
PL_M04STOBGODO,Stobnica,4,335,3,0,0,0,0,0,1,0,0,0,0,0,0,0,1,0,0,226,2,0,0,1,0,0,0,0,0,0,0,5,6
PL_M04WISMA,Wis³oka,3,338,4,0,0,0,0,0,1,0,0,0,0,0,0,0,0,1,0,288,5,0,0,1,0,0,0,0,0,0,0,3,6
PL_M05BIEBBURU,Biebrza,12,7016,5,0,0,0,0,0,1,0,0,0,0,0,0,0,0,0,1,96,1,0,0,1,0,0,0,0,0,0,0,10,6
PL_M05CHOCCHOC,Chocina,3,209,3,0,0,0,0,0,1,0,0,0,0,0,0,0,0,1,0,126,1,0,0,1,0,0,0,0,0,0,0,3,6
PL_M05UHERKARU,Uherka,4,661,3,0,0,0,0,0,1,0,0,0,0,0,0,0,1,0,0,162,0,0,0,1,0,0,0,0,0,0,0,5,6
PL_M05WISGA,Wis³oka,3,587,4,0,0,0,0,0,1,0,0,0,0,0,0,0,0,1,0,228,2,0,0,1,0,0,0,0,0,0,0,3,6
PL_M06CZESP,Czernica,3,229,2,0,0,0,0,0,1,0,0,0,0,0,0,0,0,1,0,144,0,0,0,1,0,0,0,0,0,0,0,3,6
PL_M06KRNOJANK,Krzywa Noga,3,66,2,0,0,0,0,0,1,0,0,0,0,0,0,0,0,1,0,98,3,0,0,1,0,0,0,0,0,0,0,3,6
PL_M06LOSOWITO,ososina,4,353,4,0,0,0,0,0,1,0,0,0,0,0,0,0,1,0,0,251,3,0,0,1,0,0,0,0,0,0,0,5,6
PL_M06LUBACZ,Lubacz¢wka,12,746,4,0,0,0,0,0,1,0,0,0,0,0,0,0,0,0,1,202,1,0,0,1,0,0,0,0,0,0,0,10,6
PL_M06SZUMSZOS,Szum,5,156,3,0,0,0,0,0,1,0,0,0,0,0,0,0,0,1,0,192,1,0,0,1,0,0,0,0,0,0,0,3,6
PL_M07GOLDBOCW,Go³da,7,54,2,0,0,1,0,0,0,0,0,0,0,0,0,0,0,1,0,146,5,0,0,1,0,0,0,0,0,0,0,3,3
PL_M07LUBAME,Lubrzanka,3,101,3,0,0,0,0,0,1,0,0,0,0,0,0,0,0,1,0,270,3,0,0,1,0,0,0,0,0,0,0,3,6
PL_M07PARKA,Pars?ta,12,1642,4,0,0,0,0,0,1,0,0,0,0,0,0,0,0,0,1,15,3,0,0,1,0,0,0,0,0,0,0,10,6
PL_M07PISAPTAK,Pisa,12,4133,5,0,0,0,0,0,1,0,0,0,0,0,0,0,0,0,1,104,1,0,0,1,0,0,0,0,0,0,0,10,6
PL_M07PROPRA,Prosna,3,190,3,0,0,0,0,0,1,0,0,0,0,0,0,0,0,1,0,186,1,0,0,1,0,0,0,0,0,0,0,3,6
PL_M08DDALKALU,Dop³yw z Dalachowa,3,17,1,0,0,0,0,0,1,0,0,0,0,0,0,0,0,1,0,176,10,0,0,1,0,0,0,0,0,0,0,4,6
PL_M08DRWBL,Drw?ca Warmiäska,3,237,3,0,0,0,0,0,1,0,0,0,0,0,0,0,0,1,0,53,1,0,0,1,0,0,0,0,0,0,0,3,6
PL_M08GOLDJarka,Go³dapa,7,164,3,0,0,1,0,0,0,0,0,0,0,0,0,0,0,1,0,168,0,0,0,1,0,0,0,0,0,0,0,3,3
PL_M08LESNATOP,Lena,3,262,3,0,0,0,0,0,1,0,0,0,0,0,0,0,0,1,0,149,0,0,0,1,0,0,0,0,0,0,0,3,6
PL_M08PALULASK,Pa³usznica,12,70,2,0,0,0,0,0,1,0,0,0,0,0,0,0,0,0,1,171,0,0,0,1,0,0,0,0,0,0,0,10,6
PL_M08PIEKIEuj,Piekielnik,3,57,2,0,0,0,0,0,1,0,0,0,0,0,0,0,0,1,0,620,3,0,0,0,0,0,0,1,0,0,0,2,6
PL_M09DOSJOZ,Dop³yw spod J¢zefowa,3,20,1,0,0,0,0,0,1,0,0,0,0,0,0,0,0,1,0,182,6,0,0,1,0,0,0,0,0,0,0,3,6
PL_M09GRAWI,Grabowa,5,116,2,0,0,0,0,0,1,0,0,0,0,0,0,0,0,1,0,52,1,0,0,1,0,0,0,0,0,0,0,3,6
PL_M09KAMISZKLA,Kamienna,2,29,2,0,0,0,0,1,0,0,0,0,0,0,0,0,0,1,0,672,44,0,0,1,0,0,0,0,0,0,0,4,5
PL_M09KAMIZAWA,Kamienica abowska,4,140,3,0,0,0,0,0,1,0,0,0,0,0,0,0,1,0,0,356,10,0,0,1,0,0,0,0,0,0,0,5,6
PL_M09NETURO,Netta,7,713,4,0,0,1,0,0,0,0,0,0,0,0,0,0,0,1,0,120,0,0,0,1,0,0,0,0,0,0,0,3,3
PL_M09WDAPOHU,Wda,3,146,3,0,0,0,0,0,1,0,0,0,0,0,0,0,0,1,0,141,2,0,0,1,0,0,0,0,0,0,0,3,6
PL_M09WEGORudz,W?gorapa,7,63,1,0,0,1,0,0,0,0,0,0,0,0,0,0,0,1,0,106,1,0,0,1,0,0,0,0,0,0,0,3,3
PL_M09WISRU,Wis³ok,4,143,2,0,0,0,0,0,1,0,0,0,0,0,0,0,1,0,0,376,14,0,0,0,0,0,0,1,0,0,0,1,6
PL_M10IWITO,Iwielka,4,75,2,0,0,0,0,0,1,0,0,0,0,0,0,0,1,0,0,286,5,0,0,1,0,0,0,0,0,0,0,5,6
PL_M10JAWOISKA,Jawornik,3,48,1,0,0,0,0,0,1,0,0,0,0,0,0,0,0,1,0,283,10,0,0,1,0,0,0,0,0,0,0,4,6
PL_M10KONKRZ,Konotop,3,63,3,0,0,0,0,0,1,0,0,0,0,0,0,0,0,1,0,42,2,0,0,1,0,0,0,0,0,0,0,3,6
PL_M10LUBI,Lubieszowa,3,36,1,0,0,0,0,0,1,0,0,0,0,0,0,0,0,1,0,14,1,0,0,1,0,0,0,0,0,0,0,3,6
PL_M10SANTA,San,4,133,3,0,0,0,0,1,0,0,0,0,0,0,0,0,1,0,0,642,5,0,0,0,0,0,0,1,0,0,0,1,5
PL_M10WLODJUPO,Jugowski Potok,2,9,1,0,0,0,0,1,0,0,0,0,0,0,0,0,0,1,0,509,43,0,0,1,0,0,0,0,0,0,0,4,5
PL_M11KAMKA,Kamienica,3,72,3,0,0,0,0,0,1,0,0,0,0,0,0,0,0,1,0,214,7,0,0,1,0,0,0,0,0,0,0,4,6
PL_M11KREPSOSZ,Kr?pa,5,36,2,0,0,0,0,0,1,0,0,0,0,0,0,0,0,1,0,148,5,0,0,1,0,0,0,0,0,0,0,3,6
PL_M11OLESNICA,Olenica,4,606,3,0,0,0,0,0,1,0,0,0,0,0,0,0,1,0,0,154,1,0,0,1,0,0,0,0,0,0,0,5,6
PL_M11PARSBARD,Pars?ta,12,3113,5,0,0,0,0,0,1,0,0,0,0,0,0,0,0,0,1,6,0,0,0,1,0,0,0,0,0,0,0,10,6
PL_M11PIET,Pietranka,7,62,2,0,0,1,0,0,0,0,0,0,0,0,0,0,0,0,1,130,0,0,0,1,0,0,0,0,0,0,0,10,3
PL_M11SANOBU,Sanoczek,4,54,3,0,0,0,0,0,1,0,0,0,0,0,0,0,1,0,0,346,8,0,0,1,0,0,0,0,0,0,0,5,6
PL_M11SWANT,?wider,3,896,4,0,0,0,0,0,1,0,0,0,0,0,0,0,0,1,0,102,3,0,0,1,0,0,0,0,0,0,0,3,6
PL_M11WARBISK,Warta,3,8221,6,0,0,0,0,0,1,0,0,0,0,0,0,0,0,1,0,124,1,0,0,1,0,0,0,0,0,0,0,3,6
PL_M11WKRARa,Wkra,12,1954,4,0,0,0,0,0,1,0,0,0,0,0,0,0,0,0,1,106,0,0,0,1,0,0,0,0,0,0,0,10,6
PL_M12PLOSKAuj,P³oska,7,183,2,0,0,1,0,0,0,0,0,0,0,0,0,0,0,0,1,127,1,0,0,1,0,0,0,0,0,0,0,10,3
PL_M12RZALO,Rz¥dza,12,945,3,0,0,0,0,0,1,0,0,0,0,0,0,0,0,0,1,78,1,0,0,1,0,0,0,0,0,0,0,10,6
PL_M12SAJNA,Sajna,3,50,2,0,0,0,0,0,1,0,0,0,0,0,0,0,0,1,0,84,12,0,0,1,0,0,0,0,0,0,0,4,6
PL_M12SOLMA,Solinka,2,37,2,0,0,0,0,1,0,0,0,0,0,0,0,0,1,0,0,597,0,0,0,0,0,0,0,1,0,0,0,1,5
PL_M12WARTAKAM,Warta,4,4353,5,0,0,0,0,0,1,0,0,0,0,0,0,0,1,0,0,158,1,0,0,1,0,0,0,0,0,0,0,5,6
PL_M12WKRAS,Wkra,3,5317,4,0,0,0,0,0,1,0,0,0,0,0,0,0,0,1,0,73,1,0,0,1,0,0,0,0,0,0,0,3,6
PL_M13BYSBO,Bystra,4,315,3,0,0,0,0,0,1,0,0,0,0,0,0,0,1,0,0,123,3,0,0,1,0,0,0,0,0,0,0,5,6
PL_M13DRWESAMB,Drw?ca,12,1678,4,0,0,0,0,0,1,0,0,0,0,0,0,0,0,0,1,84,0,0,0,1,0,0,0,0,0,0,0,10,6
PL_M13KACGO,Kacza,7,48,2,0,0,1,0,0,0,0,0,0,0,0,0,0,0,1,0,16,8,0,0,1,0,0,0,0,0,0,0,4,3
PL_M13KLIKpow,Klikawa,2,69,2,0,0,0,0,1,0,0,0,0,0,0,0,0,0,1,0,356,6,0,0,1,0,0,0,0,0,0,0,3,5
PL_M13STRW,Strwi¥¾,4,213,4,0,0,0,0,0,1,0,0,0,0,0,0,0,1,0,0,395,4,0,0,0,0,0,0,1,0,0,0,1,6
PL_M13STUPBRZU,Stupnica,4,156,3,0,0,0,0,0,1,0,0,0,0,0,0,0,1,0,0,228,3,0,0,1,0,0,0,0,0,0,0,5,6
PL_M13TANEWOTA,Tanew,5,2212,5,0,0,0,0,0,1,0,0,0,0,0,0,0,0,1,0,162,1,0,0,1,0,0,0,0,0,0,0,3,6
PL_M14BIGLBINY,Bia³a G³ucho³aska,3,67,2,0,0,0,0,0,1,0,0,0,0,0,0,0,0,1,0,212,5,0,0,1,0,0,0,0,0,0,0,3,6
PL_M14SLACZ,?l¥czka,3,32,2,0,0,0,0,0,1,0,0,0,0,0,0,0,0,1,0,265,2,0,0,1,0,0,0,0,0,0,0,3,6
PL_M14ZWLEGOSC,Zwlecza,12,78,2,0,0,0,0,0,1,0,0,0,0,0,0,0,0,0,1,216,2,0,0,1,0,0,0,0,0,0,0,10,6
PL_M15KONSTRULO,Koäska Struga,4,99,3,0,0,0,0,0,1,0,0,0,0,0,0,0,1,0,0,164,2,0,0,1,0,0,0,0,0,0,0,5,6
PL_M15MURYKRZA,Murynia,3,57,1,0,0,0,0,0,1,0,0,0,0,0,0,0,0,1,0,186,2,0,0,1,0,0,0,0,0,0,0,3,6
PL_M15PRUDYTM,Prudnik,3,206,3,0,0,0,0,0,1,0,0,0,0,0,0,0,0,1,0,218,2,0,0,1,0,0,0,0,0,0,0,3,6
PL_M15REKO,Rekowa,12,103,1,0,0,0,0,0,1,0,0,0,0,0,0,0,0,0,1,34,0,0,0,1,0,0,0,0,0,0,0,10,6
PL_M15WELPi,Wel,5,583,3,0,0,0,0,0,1,0,0,0,0,0,0,0,0,1,0,121,2,0,0,1,0,0,0,0,0,0,0,3,6
PL_M15WETKA,Wetlina,4,158,4,0,0,0,0,1,0,0,0,0,0,0,0,0,1,0,0,520,8,0,0,0,0,0,0,1,0,0,0,1,5
PL_M16NARUFROMB,Narusa,3,49,2,0,0,0,0,0,1,0,0,0,0,0,0,0,0,1,0,12,5,0,0,1,0,0,0,0,0,0,0,3,6
PL_M16PISKTULN,Piskornica,12,87,1,0,0,0,0,0,1,0,0,0,0,0,0,0,0,0,1,140,1,0,0,1,0,0,0,0,0,0,0,10,6
PL_M16REWE,Reska W?gorza,3,251,3,0,0,0,0,0,1,0,0,0,0,0,0,0,0,1,0,51,2,0,0,1,0,0,0,0,0,0,0,3,6
PL_M16WELJa,Wel,3,741,3,0,0,0,0,0,1,0,0,0,0,0,0,0,0,1,0,94,1,0,0,1,0,0,0,0,0,0,0,3,6
PL_M16WIAR1,Wiar,4,132,3,0,0,0,0,0,1,0,0,0,0,0,0,0,1,0,0,331,3,0,0,1,0,0,0,0,0,0,0,5,6
PL_M17MIENSKE,Mieä,3,162,1,0,0,0,0,0,1,0,0,0,0,0,0,0,0,1,0,110,0,0,0,1,0,0,0,0,0,0,0,3,6
PL_M17NYSKL1,Nysa K³odzka,3,1088,5,0,0,0,0,0,1,0,0,0,0,0,0,0,0,1,0,284,3,0,0,1,0,0,0,0,0,0,0,3,6
PL_M17PILICMALUS,Pilica,12,1442,4,0,0,0,0,0,1,0,0,0,0,0,0,0,0,0,1,208,1,0,0,1,0,0,0,0,0,0,0,10,6
PL_M17SAPO,S¥p¢lna,3,207,3,0,0,0,0,0,1,0,0,0,0,0,0,0,0,1,0,38,0,0,0,1,0,0,0,0,0,0,0,3,6
PL_M17STEBO,Stepnica,12,170,2,0,0,0,0,0,1,0,0,0,0,0,0,0,0,0,1,28,1,0,0,1,0,0,0,0,0,0,0,10,6
PL_M17WIAR2,Wiar,4,239,3,0,0,0,0,0,1,0,0,0,0,0,0,0,1,0,0,233,5,0,0,1,0,0,0,0,0,0,0,5,6
PL_M18GRALA,Grabia,4,501,4,0,0,0,0,0,1,0,0,0,0,0,0,0,1,0,0,163,1,0,0,1,0,0,0,0,0,0,0,5,6
PL_M18SEPO,S?polna,3,202,2,0,0,0,0,0,1,0,0,0,0,0,0,0,0,1,0,96,1,0,0,1,0,0,0,0,0,0,0,3,6
PL_M18WIAR3,Wiar,4,65,3,0,0,0,0,0,1,0,0,0,0,0,0,0,1,0,0,382,6,0,0,0,0,0,0,1,0,0,0,1,6
PL_M19CZNITO,Czarna Nida,4,1207,4,0,0,0,0,0,1,0,0,0,0,0,0,0,1,0,0,211,1,0,0,1,0,0,0,0,0,0,0,5,6
PL_M19GRAZA,Grabia,12,798,4,0,0,0,0,0,1,0,0,0,0,0,0,0,0,0,1,144,1,0,0,1,0,0,0,0,0,0,0,10,6
PL_M19PASLSMOL,Pas³?ka,3,33,2,0,0,0,0,0,1,0,0,0,0,0,0,0,0,1,0,120,3,0,0,1,0,0,0,0,0,0,0,3,6
PL_M19WISLO1,Wis³ok,4,69,2,0,0,0,0,0,1,0,0,0,0,0,0,0,1,0,0,450,5,0,0,0,0,0,0,1,0,0,0,1,6
PL_M1BLUD,Bludzia,7,94,2,0,0,1,0,0,0,0,0,0,0,0,0,0,0,1,0,157,6,0,0,1,0,0,0,0,0,0,0,3,3
PL_M1ORLICA,Orlica,2,116,3,0,0,0,0,1,0,0,0,0,0,0,0,0,0,1,0,558,8,0,0,1,0,0,0,0,0,0,0,4,5
PL_M1UJSO,Ujso³a,4,107,3,0,0,0,0,0,1,0,0,0,0,0,0,0,1,0,0,521,11,0,0,0,0,0,0,1,0,0,0,1,6
PL_M20GRAKA,Grabia,4,264,2,0,0,0,0,0,1,0,0,0,0,0,0,0,1,0,0,180,1,0,0,1,0,0,0,0,0,0,0,5,6
PL_M20PLIZAM,Pliszka,5,95,3,0,0,0,0,0,1,0,0,0,0,0,0,0,0,1,0,88,2,0,0,1,0,0,0,0,0,0,0,3,6
PL_M21JASPJ,Jasio³ka,4,44,2,0,0,0,0,0,1,0,0,0,0,0,0,0,1,0,0,440,9,0,0,0,0,0,0,1,0,0,0,1,6
PL_M21LUTSM,Lutynia,3,576,3,0,0,0,0,0,1,0,0,0,0,0,0,0,0,1,0,78,0,0,0,1,0,0,0,0,0,0,0,3,6
PL_M21PISAMo,Pisa,3,5064,5,0,0,0,0,0,1,0,0,0,0,0,0,0,0,1,0,97,0,0,0,1,0,0,0,0,0,0,0,3,6
PL_M21UKLE,Ukleja,3,224,3,0,0,0,0,0,1,0,0,0,0,0,0,0,0,1,0,34,1,0,0,1,0,0,0,0,0,0,0,3,6
PL_M22BANPo,Ban¢wka,5,139,2,0,0,0,0,0,1,0,0,0,0,0,0,0,0,1,0,38,4,0,0,1,0,0,0,0,0,0,0,3,6
PL_M22DRALO,Drawa,3,3084,6,0,0,0,0,0,1,0,0,0,0,0,0,0,0,1,0,30,1,0,0,1,0,0,0,0,0,0,0,3,6
PL_M22JASST,Jasio³ka,4,121,3,0,0,0,0,0,1,0,0,0,0,0,0,0,1,0,0,391,7,0,0,0,0,0,0,1,0,0,0,1,6
PL_M22OMULKr,Omulew,12,1948,4,0,0,0,0,0,1,0,0,0,0,0,0,0,0,0,1,97,3,0,0,1,0,0,0,0,0,0,0,10,6
PL_M22ZGLOTO,Zg³owi¥czka,3,284,3,0,0,0,0,0,1,0,0,0,0,0,0,0,0,1,0,72,1,0,0,1,0,0,0,0,0,0,0,3,6
PL_M23KACZNM,Nysa Ma³a,3,101,2,0,0,0,0,0,1,0,0,0,0,0,0,0,0,1,0,226,4,0,0,1,0,0,0,0,0,0,0,3,6
PL_M23ROZWa,Rozoga,12,554,3,0,0,0,0,0,1,0,0,0,0,0,0,0,0,0,1,94,0,0,0,1,0,0,0,0,0,0,0,10,6
PL_M23WAGOP,W¥glanka,12,105,2,0,0,0,0,0,1,0,0,0,0,0,0,0,0,0,1,174,0,0,0,1,0,0,0,0,0,0,0,10,6
PL_M24DOSKO,Dop³yw spod Kobylnik,1,33,1,0,0,0,0,0,1,0,0,0,0,0,0,0,1,0,0,108,1,0,0,1,0,0,0,0,0,0,0,5,6
PL_M24DrRZOP,Drzewiczka,12,503,3,0,0,0,0,0,1,0,0,0,0,0,0,0,0,0,1,175,1,0,0,1,0,0,0,0,0,0,0,10,6
PL_M24WIENAM,Wieprz,12,238,3,0,0,0,0,0,1,0,0,0,0,0,0,0,0,0,1,248,2,0,0,1,0,0,0,0,0,0,0,10,6
PL_M25LUCTR,Luci¥¾a,1,87,2,0,0,0,0,0,1,0,0,0,0,0,0,0,1,0,0,197,2,0,0,1,0,0,0,0,0,0,0,5,6
PL_M25OSOBL,Osob³oga,3,974,4,0,0,0,0,0,1,0,0,0,0,0,0,0,0,1,0,161,1,0,0,1,0,0,0,0,0,0,0,3,6
PL_M25WDAML,Wda,12,12,1,0,0,0,0,0,1,0,0,0,0,0,0,0,0,0,1,104,0,0,0,1,0,0,0,0,0,0,0,10,6
PL_M26HWOZNApg,Hwo«na,7,80,2,0,0,1,0,0,0,0,0,0,0,0,0,0,0,1,0,152,1,0,0,1,0,0,0,0,0,0,0,3,3
PL_M26LUCPR,Luci¥¾a,3,712,3,0,0,0,0,0,1,0,0,0,0,0,0,0,0,1,0,164,3,0,0,1,0,0,0,0,0,0,0,3,6
PL_M26WIECH,Wieprza,12,1490,4,0,0,0,0,0,1,0,0,0,0,0,0,0,0,0,1,14,1,0,0,1,0,0,0,0,0,0,0,10,6
PL_M27NKLOPO,Posna,2,4,1,0,0,0,0,1,0,0,0,0,0,0,0,0,0,1,0,427,49,0,0,1,0,0,0,0,0,0,0,4,5
PL_M27RUZIDULN,Ruziec,3,300,3,0,0,0,0,0,1,0,0,0,0,0,0,0,0,1,0,54,5,0,0,1,0,0,0,0,0,0,0,3,6
PL_M28DRAMI,Drawa,3,899,4,0,0,0,0,0,1,0,0,0,0,0,0,0,0,1,0,94,0,0,0,1,0,0,0,0,0,0,0,3,6
PL_M2BLED,B³?dzianka,7,36,1,0,0,1,0,0,0,0,0,0,0,0,0,0,0,1,0,194,6,0,0,1,0,0,0,0,0,0,0,3,3
PL_M2CZAST,Czarna Staszowska,12,122,3,0,0,0,0,0,1,0,0,0,0,0,0,0,0,0,1,242,2,0,0,1,0,0,0,0,0,0,0,10,6
PL_M2STRA,Str¥¾yski Potok,13,6,1,1,0,0,0,0,0,0,0,0,0,0,0,0,0,1,0,960,61,0,0,0,0,0,0,1,0,0,0,2,1
PL_M32KLOPOT,K³opotnica,3,39,2,0,0,0,0,0,1,0,0,0,0,0,0,0,0,1,0,312,13,0,0,1,0,0,0,0,0,0,0,4,6
PL_M32PASPe,Pas³?ka,12,474,4,0,0,0,0,0,1,0,0,0,0,0,0,0,0,0,1,98,5,0,0,1,0,0,0,0,0,0,0,10,6
PL_M32SLOMI,S³opica,3,55,3,0,0,0,0,0,1,0,0,0,0,0,0,0,0,1,0,80,0,0,0,1,0,0,0,0,0,0,0,3,6
PL_M33DRAPL,Drawa,3,2299,5,0,0,0,0,0,1,0,0,0,0,0,0,0,0,1,0,46,3,0,0,1,0,0,0,0,0,0,0,3,6
PL_M35IZERpon,Izera,2,82,2,0,0,0,0,1,0,0,0,0,0,0,0,0,0,1,0,684,23,0,0,1,0,0,0,0,0,0,0,4,5
PL_M35WIARST,Wiar,4,719,4,0,0,0,0,0,1,0,0,0,0,0,0,0,1,0,0,199,1,0,0,1,0,0,0,0,0,0,0,5,6
PL_M36BZULO,Bzura,3,3406,4,0,0,0,0,0,1,0,0,0,0,0,0,0,0,1,0,80,0,0,0,1,0,0,0,0,0,0,0,3,6
PL_M37WDASTRZ,Wda,3,36,3,0,0,0,0,0,1,0,0,0,0,0,0,0,0,1,0,89,1,0,0,1,0,0,0,0,0,0,0,3,6
PL_M38DRWELG,Drw?ca,3,4856,5,0,0,0,0,0,1,0,0,0,0,0,0,0,0,1,0,48,1,0,0,1,0,0,0,0,0,0,0,3,6
PL_M38RAWBG,Rawka,3,1047,4,0,0,0,0,0,1,0,0,0,0,0,0,0,0,1,0,99,1,0,0,1,0,0,0,0,0,0,0,3,6
PL_M38SANRA,San,3,5787,5,0,0,0,0,0,1,0,0,0,0,0,0,0,0,1,0,180,0,0,0,1,0,0,0,0,0,0,0,3,6
PL_M3BRDA,Brda,3,111,3,0,0,0,0,0,1,0,0,0,0,0,0,0,0,1,0,148,1,0,0,1,0,0,0,0,0,0,0,3,6
PL_M3BROKNZ,Brok,12,727,3,0,0,0,0,0,1,0,0,0,0,0,0,0,0,0,1,98,1,0,0,1,0,0,0,0,0,0,0,10,6
PL_M3GRZY,Grzybnica,3,93,3,0,0,0,0,0,1,0,0,0,0,0,0,0,0,1,0,3,1,0,0,1,0,0,0,0,0,0,0,3,6
PL_M3HOCZ,Hoczewka,4,169,3,0,0,0,0,0,1,0,0,0,0,0,0,0,1,0,0,354,7,0,0,1,0,0,0,0,0,0,0,5,6
PL_M40MIEMO,Miedwianka,3,37,3,0,0,0,0,0,1,0,0,0,0,0,0,0,0,1,0,15,0,0,0,1,0,0,0,0,0,0,0,3,6
PL_M49KOKNAuj,Kokna,3,74,2,0,0,0,0,0,1,0,0,0,0,0,0,0,0,1,0,115,1,0,0,1,0,0,0,0,0,0,0,3,6
PL_M4KALTA,Kalniczka,4,75,2,0,0,0,0,0,1,0,0,0,0,0,0,0,1,0,0,340,8,0,0,1,0,0,0,0,0,0,0,5,6
PL_M5GUJA,Gunica,3,10,1,0,0,0,0,0,1,0,0,0,0,0,0,0,0,1,0,4,3,0,0,1,0,0,0,0,0,0,0,3,6
PL_M5SKAW,Skawica,4,130,4,0,0,0,0,0,1,0,0,0,0,0,0,0,1,0,0,433,13,0,0,0,0,0,0,1,0,0,0,1,6
PL_M5SOLKO,So³okija,4,296,3,0,0,0,0,0,1,0,0,0,0,0,0,0,1,0,0,218,2,0,0,1,0,0,0,0,0,0,0,5,6
PL_M6GLAZ,Gla«na,12,72,2,0,0,0,0,0,1,0,0,0,0,0,0,0,0,0,1,22,3,0,0,1,0,0,0,0,0,0,0,10,6
PL_M6KAGA,Kalica,3,232,3,0,0,0,0,0,1,0,0,0,0,0,0,0,0,1,0,2,1,0,0,1,0,0,0,0,0,0,0,3,6
PL_M6MORHA,Morwawa,3,109,2,0,0,0,0,0,1,0,0,0,0,0,0,0,0,1,0,286,3,0,0,1,0,0,0,0,0,0,0,3,6
PL_M7GREM,Gremzd¢wka,7,33,1,0,0,1,0,0,0,0,0,0,0,0,0,0,0,0,1,126,0,0,0,1,0,0,0,0,0,0,0,10,3
PL_M7OSLA,Os³awa,4,69,3,0,0,0,0,1,0,0,0,0,0,0,0,0,1,0,0,532,8,0,0,0,0,0,0,1,0,0,0,1,5
PL_M7WILSP,Wilga,3,301,3,0,0,0,0,0,1,0,0,0,0,0,0,0,0,1,0,128,1,0,0,1,0,0,0,0,0,0,0,3,6
PL_M8KWA,Kwacza,12,82,2,0,0,0,0,0,1,0,0,0,0,0,0,0,0,0,1,21,1,0,0,1,0,0,0,0,0,0,0,10,6
PL_M8LIWKi,Liwiec,12,1042,3,0,0,0,0,0,1,0,0,0,0,0,0,0,0,0,1,134,1,0,0,1,0,0,0,0,0,0,0,10,6
PL_M9KALE,Piertanka,7,41,2,0,0,1,0,0,0,0,0,0,0,0,0,0,0,1,0,148,4,0,0,1,0,0,0,0,0,0,0,3,3
PL_M9LIWWP,Liwiec,3,2404,4,0,0,0,0,0,1,0,0,0,0,0,0,0,0,1,0,102,1,0,0,1,0,0,0,0,0,0,0,3,6
PL_M9MRONO,Mro¾yca,4,73,1,0,0,0,0,0,1,0,0,0,0,0,0,0,1,0,0,154,3,0,0,1,0,0,0,0,0,0,0,5,6
PL_R01CIE,Cieszynka,3,1,1,0,0,0,0,0,1,0,0,0,0,0,0,0,0,1,0,66,5,0,0,1,0,0,0,0,0,0,0,3,6
PL_R01PLIKOS,Pliszka,5,162,3,0,0,0,0,0,1,0,0,0,0,0,0,0,0,1,0,72,2,0,0,1,0,0,0,0,0,0,0,3,6
PL_R02CZAHA,Czarna Haäcza,7,120,2,0,0,1,0,0,0,0,0,0,0,0,0,0,0,0,1,174,1,0,0,1,0,0,0,0,0,0,0,10,3
PL_R03CSTDRO,Czarna Staszowska,12,147,3,0,0,0,0,0,1,0,0,0,0,0,0,0,0,0,1,234,3,0,0,1,0,0,0,0,0,0,0,10,6
PL_R03RURZ,Rurzyca,3,89,3,0,0,0,0,0,1,0,0,0,0,0,0,0,0,1,0,82,4,0,0,1,0,0,0,0,0,0,0,3,6
PL_R03WIARY,Wiar,4,169,3,0,0,0,0,0,1,0,0,0,0,0,0,0,1,0,0,292,4,0,0,1,0,0,0,0,0,0,0,5,6
PL_R05RAWWOL,Rawka,4,609,3,0,0,0,0,0,1,0,0,0,0,0,0,0,1,0,0,128,1,0,0,1,0,0,0,0,0,0,0,5,6
PL_R06TUSDA,Tuszymka,3,151,2,0,0,0,0,0,1,0,0,0,0,0,0,0,0,1,0,192,2,0,0,1,0,0,0,0,0,0,0,3,6
PL_R07WISSW,Wis³oka,4,119,3,0,0,0,0,0,1,0,0,0,0,0,0,0,1,0,0,406,7,0,0,0,0,0,0,1,0,0,0,1,6
PL_R08LYNAST,yna,3,5339,5,0,0,0,0,0,1,0,0,0,0,0,0,0,0,1,0,24,0,0,0,1,0,0,0,0,0,0,0,3,6
PL_R11KOCTRZE,Kocinka,4,266,3,0,0,0,0,0,1,0,0,0,0,0,0,0,1,0,0,190,4,0,0,1,0,0,0,0,0,0,0,5,6
PL_R14KRASTA,Krasna,3,121,2,0,0,0,0,0,1,0,0,0,0,0,0,0,0,1,0,258,3,0,0,1,0,0,0,0,0,0,0,3,6
PL_R16MILGL,Mi³ak¢wka,3,183,2,0,0,0,0,0,1,0,0,0,0,0,0,0,0,1,0,64,3,0,0,1,0,0,0,0,0,0,0,3,6
PL_R16NARPLO,Narew,12,2017,5,0,0,0,0,0,1,0,0,0,0,0,0,0,0,0,1,123,0,0,0,1,0,0,0,0,0,0,0,10,6
PL_R19PLIURA,Pliszka,3,355,3,0,0,0,0,0,1,0,0,0,0,0,0,0,0,1,0,38,2,0,0,1,0,0,0,0,0,0,0,3,6
PL_R1OSLAWA20,Os³awa,4,159,3,0,0,0,0,1,0,0,0,0,0,0,0,0,1,0,0,464,8,0,0,0,0,0,0,1,0,0,0,1,5
PL_R1WDA004,Wda,3,146,3,0,0,0,0,0,1,0,0,0,0,0,0,0,0,1,0,141,2,0,0,1,0,0,0,0,0,0,0,3,6
PL_R21PRULA,Prusina,5,221,4,0,0,0,0,0,1,0,0,0,0,0,0,0,0,1,0,76,2,0,0,1,0,0,0,0,0,0,0,3,6
PL_R22TANREB,Tanew,1,120,2,0,0,0,0,0,1,0,0,0,0,0,0,0,1,0,0,256,1,0,0,1,0,0,0,0,0,0,0,5,6
PL_R24STUPR,Studnica,5,305,3,0,0,0,0,0,1,0,0,0,0,0,0,0,0,1,0,64,1,0,0,1,0,0,0,0,0,0,0,3,6
PL_R2SAN20,San,4,413,4,0,0,0,0,1,0,0,0,0,0,0,0,0,0,1,0,526,4,0,0,0,0,0,0,1,0,0,0,2,5
PL_R2SLU058,Kamienna,12,27,1,0,0,0,0,0,1,0,0,0,0,0,0,0,0,0,1,48,7,0,0,1,0,0,0,0,0,0,0,10,6
PL_R3SOLINKA20,Solinka,4,326,4,0,0,0,0,1,0,0,0,0,0,0,0,0,1,0,0,442,5,0,0,0,0,0,0,1,0,0,0,1,5
PL_R5WIP025,Pokrzywna,5,238,3,0,0,0,0,0,1,0,0,0,0,0,0,0,0,1,0,72,4,0,0,1,0,0,0,0,0,0,0,3,6
PpJa1006,Potocnikov potok,2,18,2,0,0,0,0,1,0,0,0,0,0,0,0,0,1,0,0,442,66,0,0,1,0,0,0,0,0,0,0,4,5
PT_ISA01/07,Riba Cerca,10,39,3,0,0,0,0,0,0,0,0,0,0,0,0,1,0,1,0,170,19,0,0,0,0,0,1,0,0,0,0,9,13
PT_ISA02/07,Riba Seixe,10,94,3,0,0,0,0,0,0,0,0,0,0,0,0,1,0,1,0,78,8,0,0,0,0,0,1,0,0,0,0,9,13
PT_ISA03/08,Riba Alportel,10,76,2,0,0,0,0,0,0,0,0,0,0,0,0,1,0,1,0,156,8,0,0,0,0,0,1,0,0,0,0,9,13
PT_ISA05/07,Riba Seixe,10,140,3,0,0,0,0,0,0,0,0,0,0,0,0,1,0,1,0,54,7,0,0,0,0,0,1,0,0,0,0,9,13
PT_ISA06/08,Riba Fornalha,10,7,2,0,0,0,0,0,0,0,0,0,0,0,0,1,0,1,0,159,36,0,0,0,0,0,1,0,0,0,0,9,13
RadL1006,Radoljna,2,36,3,0,0,0,0,1,0,0,0,0,0,0,0,0,0,1,0,452,46,0,0,0,0,0,0,1,0,0,0,2,5
RaKd0695,Radovna,2,57,3,0,0,0,0,1,0,0,0,0,0,0,0,0,1,0,0,699,6,0,0,0,0,0,0,1,0,0,0,1,5
RaPt0695,Radovna,2,63,3,0,0,0,0,1,0,0,0,0,0,0,0,0,0,1,0,682,10,0,0,0,0,0,0,1,0,0,0,2,5
RaTo0885,Radovna,2,63,3,0,0,0,0,1,0,0,0,0,0,0,0,0,0,1,0,682,10,0,0,0,0,0,0,1,0,0,0,2,5
RaZr0695,Radovna,2,74,3,0,0,0,0,1,0,0,0,0,0,0,0,0,0,1,0,671,7,0,0,0,0,0,0,1,0,0,0,2,5
SaGl0382,Sava,2,897,5,0,0,0,0,1,0,0,0,0,0,0,0,0,0,1,0,404,3,0,0,1,0,0,0,0,0,0,0,3,5
SaPn0382,Sava,2,958,5,0,0,0,0,1,0,0,0,0,0,0,0,0,0,1,0,379,2,0,0,1,0,0,0,0,0,0,0,3,5
SBLo1107,Sava Bohinjka,2,231,5,0,0,0,0,1,0,0,0,0,0,0,0,0,0,1,0,500,3,0,0,0,0,0,0,1,0,0,0,2,5
SBMa0992,Sava Bohinjka,2,365,5,0,0,0,0,1,0,0,0,0,0,0,0,0,0,1,0,440,10,0,0,1,0,0,0,0,0,0,0,4,5
SBNo1107,Sava Bohinjka,2,313,5,0,0,0,0,1,0,0,0,0,0,0,0,0,0,1,0,487,6,0,0,0,0,0,0,1,0,0,0,2,5
SBPo0281,Sava Bohinjka,2,189,5,0,0,0,0,1,0,0,0,0,0,0,0,0,0,1,0,523,4,0,0,0,0,0,0,1,0,0,0,2,5
SBRi1107,Sava Bohinjka,2,399,5,0,0,0,0,1,0,0,0,0,0,0,0,0,0,1,0,424,6,0,0,1,0,0,0,0,0,0,0,3,5
SBSo1107,Sava Bohinjka,2,319,5,0,0,0,0,1,0,0,0,0,0,0,0,0,1,0,0,484,0,0,0,0,0,0,0,1,0,0,0,1,5
SC_103660,Creran,15,29,2,0,0,0,1,0,0,0,0,0,0,0,0,0,0,0,1,36,16,0,1,0,0,0,0,0,0,0,0,10,4
SC_1582,Forth,14,144,3,0,0,0,1,0,0,0,0,0,0,0,0,0,0,1,0,18,0,0,1,0,0,0,0,0,0,0,0,6,4
SC_206779,Halladale,15,95,2,0,0,0,1,0,0,0,0,0,0,0,0,0,0,0,1,58,8,0,1,0,0,0,0,0,0,0,0,10,4
SC_233986,Merkland,15,46,3,0,0,0,1,0,0,0,0,0,0,0,0,0,0,0,1,106,10,0,1,0,0,0,0,0,0,0,0,10,4
SC_3490,Red Burn,14,22,1,0,0,0,1,0,0,0,0,0,0,0,0,0,0,1,0,92,11,0,1,0,0,0,0,0,0,0,0,6,4
SC_350258,Carron,15,143,3,0,0,0,1,0,0,0,0,0,0,0,0,0,0,0,1,10,3,0,1,0,0,0,0,0,0,0,0,10,4
SC_350297,Gruinard River,15,159,3,0,0,0,1,0,0,0,0,0,0,0,0,0,0,0,1,46,11,0,1,0,0,0,0,0,0,0,0,10,4
SC_359053,Gleann Dubh,15,32,2,0,0,0,1,0,0,0,0,0,0,0,0,0,0,0,1,200,28,0,1,0,0,0,0,0,0,0,0,10,4
SC_359064,Whiteadder Water,14,284,3,0,0,0,1,0,0,0,0,0,0,0,0,0,0,1,0,74,4,0,1,0,0,0,0,0,0,0,0,6,4
SC_359065,Tweed,14,977,4,0,0,0,1,0,0,0,0,0,0,0,0,0,0,1,0,124,3,0,1,0,0,0,0,0,0,0,0,6,4
SC_359071,Jed Water/Raven Burn,14,152,3,0,0,0,1,0,0,0,0,0,0,0,0,0,0,1,0,74,5,0,1,0,0,0,0,0,0,0,0,6,4
SC_359072,Ale Water,14,168,2,0,0,0,1,0,0,0,0,0,0,0,0,0,0,1,0,100,4,0,1,0,0,0,0,0,0,0,0,6,4
SC_359101,Aros River/Ledmore,15,49,2,0,0,0,1,0,0,0,0,0,0,0,0,0,0,0,1,20,9,0,1,0,0,0,0,0,0,0,0,10,4
SC_359102,Laggan,14,40,2,0,0,0,1,0,0,0,0,0,0,0,0,0,0,1,0,29,4,0,1,0,0,0,0,0,0,0,0,6,4
SC_359119,Duisk,15,36,1,0,0,0,1,0,0,0,0,0,0,0,0,0,0,0,1,106,10,0,1,0,0,0,0,0,0,0,0,10,4
SC_359122,Water of Luce,15,32,1,0,0,0,1,0,0,0,0,0,0,0,0,0,0,0,1,162,13,0,1,0,0,0,0,0,0,0,0,10,4
SC_359124,Lady Burn,15,17,1,0,0,0,1,0,0,0,0,0,0,0,0,0,0,0,1,34,15,0,1,0,0,0,0,0,0,0,0,10,4
SC_359125,Milton Burn/Dergoals Burn,15,19,1,0,0,0,1,0,0,0,0,0,0,0,0,0,0,0,1,20,16,0,1,0,0,0,0,0,0,0,0,10,4
SC_359126,Bladnoch/Pulganny Burn,14,252,3,0,0,0,1,0,0,0,0,0,0,0,0,0,0,1,0,24,3,0,1,0,0,0,0,0,0,0,0,6,4
SC_359128,Moneypool Burn,14,25,1,0,0,0,1,0,0,0,0,0,0,0,0,0,0,1,0,64,20,0,1,0,0,0,0,0,0,0,0,6,4
SC_359129,Water of Fleet/Big Water of Fleet/Mid Burn,15,100,2,0,0,0,1,0,0,0,0,0,0,0,0,0,0,0,1,8,2,0,1,0,0,0,0,0,0,0,0,10,4
SC_359141,Berriedale Water,15,58,3,0,0,0,1,0,0,0,0,0,0,0,0,0,0,0,1,170,11,0,1,0,0,0,0,0,0,0,0,10,4
SC_359142,Langwell Water,15,70,3,0,0,0,1,0,0,0,0,0,0,0,0,0,0,0,1,74,13,0,1,0,0,0,0,0,0,0,0,10,4
SC_359144,Alness,15,101,3,0,0,0,1,0,0,0,0,0,0,0,0,0,0,0,1,177,4,0,1,0,0,0,0,0,0,0,0,10,4
SC_359146,Muckle Burn,14,125,2,0,0,0,1,0,0,0,0,0,0,0,0,0,0,1,0,9,2,0,1,0,0,0,0,0,0,0,0,6,4
SC_359147,Nevis,15,77,3,0,0,0,1,0,0,0,0,0,0,0,0,0,0,0,1,14,4,0,1,0,0,0,0,0,0,0,0,10,4
SC_359149,Scaddle / Cona River,15,36,2,0,0,0,1,0,0,0,0,0,0,0,0,0,0,0,1,67,12,0,1,0,0,0,0,0,0,0,0,10,4
SC_359150,Ailort,15,8,1,0,0,0,1,0,0,0,0,0,0,0,0,0,0,0,1,150,10,0,1,0,0,0,0,0,0,0,0,10,4
SC_359152,Ling,15,123,4,0,0,0,1,0,0,0,0,0,0,0,0,0,0,0,1,24,16,0,1,0,0,0,0,0,0,0,0,10,4
SC_359155,Abhainn Bharabhais,15,15,1,0,0,0,1,0,0,0,0,0,0,0,0,0,0,0,1,58,14,0,1,0,0,0,0,0,0,0,0,10,4
SC_359159,Dulnain,15,122,2,0,0,0,1,0,0,0,0,0,0,0,0,0,0,0,1,329,8,0,1,0,0,0,0,0,0,0,0,10,4
SC_359160,Feshie,15,116,3,0,0,0,1,0,0,0,0,0,0,0,0,0,0,0,1,343,8,0,1,0,0,0,0,0,0,0,0,10,4
SC_359163,Deveron,14,70,2,0,0,0,1,0,0,0,0,0,0,0,0,0,0,1,0,284,11,0,1,0,0,0,0,0,0,0,0,6,4
SC_367966,Leddown Burn/Lunan Burn,14,17,1,0,0,0,1,0,0,0,0,0,0,0,0,0,0,1,0,130,15,0,1,0,0,0,0,0,0,0,0,6,4
SC_367967,Snizort,15,57,2,0,0,0,1,0,0,0,0,0,0,0,0,0,0,0,1,56,10,0,1,0,0,0,0,0,0,0,0,10,4
SC_367971,Nairn,15,234,4,0,0,0,1,0,0,0,0,0,0,0,0,0,0,0,1,97,5,0,1,0,0,0,0,0,0,0,0,10,4
SC_367972,Sandside Burn,15,26,1,0,0,0,1,0,0,0,0,0,0,0,0,0,0,0,1,96,18,0,1,0,0,0,0,0,0,0,0,10,4
SC_367974,Naver,15,366,4,0,0,0,1,0,0,0,0,0,0,0,0,0,0,0,1,65,3,0,1,0,0,0,0,0,0,0,0,10,4
SC_374560,Feshie,15,21,2,0,0,0,1,0,0,0,0,0,0,0,0,0,0,0,1,264,6,0,1,0,0,0,0,0,0,0,0,10,4
SC_374610,Helmsdale,15,372,4,0,0,0,1,0,0,0,0,0,0,0,0,0,0,0,1,90,4,0,1,0,0,0,0,0,0,0,0,10,4
SC_374611,Helmsdale,15,159,4,0,0,0,1,0,0,0,0,0,0,0,0,0,0,0,1,112,5,0,1,0,0,0,0,0,0,0,0,10,4
SC_8473,Isla,15,103,3,0,0,0,1,0,0,0,0,0,0,0,0,0,0,0,1,251,7,0,1,0,0,0,0,0,0,0,0,10,4
SDLo0606,Sava Dolinka,2,63,3,0,0,0,0,1,0,0,0,0,0,0,0,0,0,1,0,772,12,0,0,0,0,0,0,1,0,0,0,2,5
SE0014,Verkaan,5,110,2,0,0,0,0,0,1,0,0,0,0,0,0,0,0,1,0,48,11,0,0,1,0,0,0,0,0,0,0,4,6
SE0015,Verkaan,5,156,2,0,0,0,0,0,1,0,0,0,0,0,0,0,0,1,0,8,3,0,0,1,0,0,0,0,0,0,0,3,6
SE0016,Verkaan,5,117,2,0,0,0,0,0,1,0,0,0,0,0,0,0,0,1,0,29,5,0,0,1,0,0,0,0,0,0,0,3,6
SE0017,Verkaan,5,144,2,0,0,0,0,0,1,0,0,0,0,0,0,0,0,1,0,20,2,0,0,1,0,0,0,0,0,0,0,3,6
SE0027,Sk?ran,7,23,1,0,0,1,0,0,0,0,0,0,0,0,0,0,0,1,0,104,13,0,0,1,0,0,0,0,0,0,0,4,3
SE0028,Sk?ran,7,23,1,0,0,1,0,0,0,0,0,0,0,0,0,0,0,1,0,104,13,0,0,1,0,0,0,0,0,0,0,4,3
SE0030,Sk?ran,7,23,1,0,0,1,0,0,0,0,0,0,0,0,0,0,0,1,0,104,13,0,0,1,0,0,0,0,0,0,0,4,3
SE0031,Klingstorpab?cken,7,12,1,0,0,1,0,0,0,0,0,0,0,0,0,0,0,1,0,75,10,0,0,1,0,0,0,0,0,0,0,4,3
SE0032,Klingstorpab?cken,7,12,1,0,0,1,0,0,0,0,0,0,0,0,0,0,0,1,0,75,10,0,0,1,0,0,0,0,0,0,0,4,3
SE0136,H?gvadsan,7,281,3,0,0,1,0,0,0,0,0,0,0,0,0,0,0,1,0,74,3,0,0,0,0,0,0,0,1,0,0,7,3
SE0144,Moran,7,56,2,0,0,1,0,0,0,0,0,0,0,0,0,0,0,1,0,124,4,0,0,0,0,0,0,0,1,0,0,7,3
SE0149,Viran,5,566,3,0,0,0,0,0,1,0,0,0,0,0,0,0,0,1,0,9,3,0,0,0,0,0,0,0,1,0,0,11,6
SE0150,H?gvadsan,7,91,2,0,0,1,0,0,0,0,0,0,0,0,0,0,0,1,0,119,2,0,0,0,0,0,0,0,1,0,0,7,3
SE0154,Viran,5,80,2,0,0,0,0,0,1,0,0,0,0,0,0,0,0,1,0,22,3,0,0,0,0,0,0,0,1,0,0,11,6
SE0158,Lillan,7,43,2,0,0,1,0,0,0,0,0,0,0,0,0,0,0,1,0,134,4,0,0,0,0,0,0,0,1,0,0,7,3
SE0159,Lillan,7,43,2,0,0,1,0,0,0,0,0,0,0,0,0,0,0,1,0,134,4,0,0,0,0,0,0,0,1,0,0,7,3
SE0160,Lillan,7,25,2,0,0,1,0,0,0,0,0,0,0,0,0,0,0,1,0,190,15,0,0,0,0,0,0,0,1,0,0,11,3
SE0172,Eman,7,13,1,0,0,1,0,0,0,0,0,0,0,0,0,0,0,1,0,221,2,0,0,0,0,0,0,0,1,0,0,11,3
SE0179,Gnyltan,7,29,1,0,0,1,0,0,0,0,0,0,0,0,0,0,0,1,0,207,5,0,0,0,0,0,0,0,1,0,0,11,3
SE0189,Svanan,7,109,2,0,0,1,0,0,0,0,0,0,0,0,0,0,0,1,0,194,5,0,0,0,0,0,0,0,1,0,0,7,3
SE0195,Silveran,7,173,3,0,0,1,0,0,0,0,0,0,0,0,0,0,0,1,0,132,3,0,0,0,0,0,0,0,1,0,0,7,3
SE0196,Silveran,7,173,3,0,0,1,0,0,0,0,0,0,0,0,0,0,0,1,0,132,3,0,0,0,0,0,0,0,1,0,0,7,3
SE0198,Silveran,7,106,3,0,0,1,0,0,0,0,0,0,0,0,0,0,0,1,0,150,1,0,0,0,0,0,0,0,1,0,0,7,3
SE0203,Lindasab?cken,7,40,1,0,0,1,0,0,0,0,0,0,0,0,0,0,0,1,0,150,7,0,0,0,0,0,0,0,1,0,0,7,3
SE0204,Lindasab?cken,7,40,1,0,0,1,0,0,0,0,0,0,0,0,0,0,0,1,0,150,7,0,0,0,0,0,0,0,1,0,0,7,3
SE0208,Sj?ls?an,1,47,1,0,0,0,0,0,1,0,0,0,0,0,0,0,1,0,0,32,7,0,0,0,0,0,0,0,1,0,0,11,6
SE0230,Kolareb?cken,7,22,1,0,0,1,0,0,0,0,0,0,0,0,0,0,0,1,0,272,8,0,0,0,0,0,0,0,1,0,0,7,3
SE0231,Kolareb?cken,7,22,1,0,0,1,0,0,0,0,0,0,0,0,0,0,0,1,0,272,8,0,0,0,0,0,0,0,1,0,0,7,3
SE0242,Gagnan,7,53,1,0,0,1,0,0,0,0,0,0,0,0,0,0,0,1,0,186,4,0,0,0,0,0,0,0,1,0,0,7,3
SE0257,Hj?ll?b?cken,7,20,2,0,0,1,0,0,0,0,0,0,0,0,0,0,0,1,0,113,5,0,0,0,0,0,0,0,1,0,0,7,3
SE0265,Passdalsan,7,47,2,0,0,1,0,0,0,0,0,0,0,0,0,0,0,1,0,13,1,0,0,0,0,0,0,0,1,0,0,11,3
SE0266,Passdalsan,7,47,2,0,0,1,0,0,0,0,0,0,0,0,0,0,0,1,0,13,1,0,0,0,0,0,0,0,1,0,0,11,3
SE0267,K?rraan,7,30,1,0,0,1,0,0,0,0,0,0,0,0,0,0,0,1,0,55,13,0,0,0,0,0,0,0,1,0,0,11,3
SE0273,Bro?lven,5,34,1,0,0,0,0,0,1,0,0,0,0,0,0,0,0,1,0,8,2,0,0,0,0,0,0,0,1,0,0,11,6
SE0284,Hajums?lven,7,149,3,0,0,1,0,0,0,0,0,0,0,0,0,0,0,1,0,72,2,0,0,0,0,0,0,0,1,0,0,7,3
SE0309,Steneby?lven,7,268,3,0,0,1,0,0,0,0,0,0,0,0,0,0,0,1,0,82,2,0,0,0,0,0,0,0,1,0,0,7,3
SE0330,Orviksandsb?cken,6,7,1,0,1,0,0,0,0,0,0,0,0,0,0,0,0,1,0,124,8,0,0,0,0,0,0,0,1,0,0,7,2
SE0344,Tr?s?lven,6,8,1,0,1,0,0,0,0,0,0,0,0,0,0,0,0,1,0,154,9,0,0,0,0,0,0,0,1,0,0,7,2
SE0348,Loan,7,80,2,0,0,1,0,0,0,0,0,0,0,0,0,0,0,1,0,12,11,0,0,0,0,0,0,0,1,0,0,11,3
SE0349,Loan,7,80,2,0,0,1,0,0,0,0,0,0,0,0,0,0,0,1,0,12,11,0,0,0,0,0,0,0,1,0,0,11,3
SE0353,N. Bak?lven,6,29,1,0,1,0,0,0,0,0,0,0,0,0,0,0,0,1,0,200,17,0,0,0,0,0,0,0,1,0,0,11,2
SE0354,N. Bak?lven,6,29,1,0,1,0,0,0,0,0,0,0,0,0,0,0,0,1,0,200,17,0,0,0,0,0,0,0,1,0,0,11,2
SE0401,Svartb?cken,6,10,1,0,1,0,0,0,0,0,0,0,0,0,0,0,0,1,0,325,16,0,0,0,0,0,0,0,1,0,0,11,2
SE0402,Svartb?cken,6,10,1,0,1,0,0,0,0,0,0,0,0,0,0,0,0,1,0,325,16,0,0,0,0,0,0,0,1,0,0,11,2
SE0403,Svartb?cken,6,10,1,0,1,0,0,0,0,0,0,0,0,0,0,0,0,1,0,325,16,0,0,0,0,0,0,0,1,0,0,11,2
SE0405,H?sboan,6,90,3,0,1,0,0,0,0,0,0,0,0,0,0,0,0,1,0,243,5,0,0,0,0,0,0,0,1,0,0,7,2
SE0406,Oradb?cken,12,14,1,0,1,0,0,0,0,0,0,0,0,0,0,0,0,0,1,416,20,0,0,0,0,0,0,0,1,0,0,11,2
SE0407,Oradb?cken,12,14,1,0,1,0,0,0,0,0,0,0,0,0,0,0,0,0,1,416,20,0,0,0,0,0,0,0,1,0,0,11,2
SE0409,Oradb?cken,12,27,2,0,1,0,0,0,0,0,0,0,0,0,0,0,0,0,1,370,17,0,0,0,0,0,0,0,1,0,0,11,2
SE0433,Strafulan,6,35,2,0,1,0,0,0,0,0,0,0,0,0,0,0,0,1,0,628,12,0,0,0,0,0,0,0,1,0,0,11,2
SE0445,Djursvasslan,6,41,2,0,1,0,0,0,0,0,0,0,0,0,0,0,0,1,0,609,6,0,0,0,0,0,0,0,1,0,0,11,2
SE0447,H?ggingan,6,22,1,0,1,0,0,0,0,0,0,0,0,0,0,0,0,1,0,780,28,0,0,0,0,0,0,0,1,0,0,11,2
SE0448,Djursvasslan,6,41,2,0,1,0,0,0,0,0,0,0,0,0,0,0,0,1,0,609,6,0,0,0,0,0,0,0,1,0,0,11,2
SE0455,Skalb?cken,6,6,1,0,1,0,0,0,0,0,0,0,0,0,0,0,0,1,0,356,10,0,0,0,0,0,0,0,1,0,0,11,2
SE0456,Skalb?cken,6,6,1,0,1,0,0,0,0,0,0,0,0,0,0,0,0,1,0,356,10,0,0,0,0,0,0,0,1,0,0,11,2
SE0459,Gammelgardsb?cken,6,17,1,0,1,0,0,0,0,0,0,0,0,0,0,0,0,1,0,240,28,0,0,0,0,0,0,0,1,0,0,11,2
SE0460,Gammelgardsb?cken,6,17,1,0,1,0,0,0,0,0,0,0,0,0,0,0,0,1,0,240,28,0,0,0,0,0,0,0,1,0,0,11,2
SE0461,Gammelgardsb?cken,6,17,1,0,1,0,0,0,0,0,0,0,0,0,0,0,0,1,0,240,28,0,0,0,0,0,0,0,1,0,0,11,2
SE0464,Fj?tan,6,30,1,0,1,0,0,0,0,0,0,0,0,0,0,0,0,1,0,794,11,0,0,0,0,0,0,1,0,0,0,2,2
SE0465,Fj?tan,6,30,1,0,1,0,0,0,0,0,0,0,0,0,0,0,0,1,0,794,11,0,0,0,0,0,0,1,0,0,0,2,2
SE0468,B?nkasb?cken,6,6,1,0,1,0,0,0,0,0,0,0,0,0,0,0,0,1,0,4,35,0,0,0,0,0,0,0,1,0,0,11,2
SE0469,B?nkasb?cken,6,6,1,0,1,0,0,0,0,0,0,0,0,0,0,0,0,1,0,4,35,0,0,0,0,0,0,0,1,0,0,11,2
SE0470,B?nkasb?cken,6,6,1,0,1,0,0,0,0,0,0,0,0,0,0,0,0,1,0,4,35,0,0,0,0,0,0,0,1,0,0,11,2
SE0471,Kvars?ttb?cken,6,34,1,0,1,0,0,0,0,0,0,0,0,0,0,0,0,1,0,86,18,0,0,0,0,0,0,0,1,0,0,11,2
SE0472,Kvars?ttb?cken,6,34,1,0,1,0,0,0,0,0,0,0,0,0,0,0,0,1,0,86,18,0,0,0,0,0,0,0,1,0,0,11,2
SE0473,Kvars?ttb?cken,6,34,1,0,1,0,0,0,0,0,0,0,0,0,0,0,0,1,0,86,18,0,0,0,0,0,0,0,1,0,0,11,2
SE0479,Viskansb?cken,6,13,2,0,1,0,0,0,0,0,0,0,0,0,0,0,0,1,0,129,37,0,0,0,0,0,0,0,1,0,0,11,2
SE0480,Viskansb?cken,6,13,2,0,1,0,0,0,0,0,0,0,0,0,0,0,0,1,0,129,37,0,0,0,0,0,0,0,1,0,0,11,2
SE0488,Navaran,6,44,2,0,1,0,0,0,0,0,0,0,0,0,0,0,0,1,0,240,18,0,0,0,0,0,0,0,1,0,0,11,2
SE0489,Navaran,6,20,1,0,1,0,0,0,0,0,0,0,0,0,0,0,0,1,0,204,1,0,0,0,0,0,0,0,1,0,0,11,2
SE0495,M?rttj?rnsb?cken,6,13,1,0,1,0,0,0,0,0,0,0,0,0,0,0,0,1,0,344,23,0,0,0,0,0,0,0,1,0,0,11,2
SE0501,Hornsj?b?cken,6,7,1,0,1,0,0,0,0,0,0,0,0,0,0,0,0,1,0,202,15,0,0,0,0,0,0,0,1,0,0,11,2
SE0510,Pojktj?rnsb?cken,13,8,1,1,0,0,0,0,0,0,0,0,0,0,0,0,0,1,0,866,27,0,0,0,0,0,0,1,0,0,0,2,1
SE0513,Lekaran,6,75,2,0,1,0,0,0,0,0,0,0,0,0,0,0,0,1,0,624,26,0,0,0,0,0,0,1,0,0,0,2,2
SE0518,Vedan,6,11,1,0,1,0,0,0,0,0,0,0,0,0,0,0,0,1,0,62,33,0,0,0,0,0,0,0,1,0,0,11,2
SE0519,Bastuan,6,30,2,0,1,0,0,0,0,0,0,0,0,0,0,0,0,1,0,468,15,0,0,0,0,0,0,1,0,0,0,2,2
SE0520,Bastuan,6,30,2,0,1,0,0,0,0,0,0,0,0,0,0,0,0,1,0,468,15,0,0,0,0,0,0,1,0,0,0,2,2
SE0521,Bastuan,6,42,2,0,1,0,0,0,0,0,0,0,0,0,0,0,0,1,0,450,4,0,0,0,0,0,0,1,0,0,0,2,2
SE0528,Gulan,6,32,2,0,1,0,0,0,0,0,0,0,0,0,0,0,0,1,0,241,11,0,0,0,0,0,0,0,1,0,0,11,2
SE0530,Gulan,6,6,1,0,1,0,0,0,0,0,0,0,0,0,0,0,0,1,0,272,25,0,0,0,0,0,0,0,1,0,0,11,2
SE0533,Semlan,6,130,2,0,1,0,0,0,0,0,0,0,0,0,0,0,0,1,0,352,6,0,0,0,0,0,0,0,1,0,0,7,2
SE0538,Forsan,6,62,2,0,1,0,0,0,0,0,0,0,0,0,0,0,0,1,0,76,12,0,0,0,0,0,0,0,1,0,0,11,2
SE0539,Forsan,6,62,2,0,1,0,0,0,0,0,0,0,0,0,0,0,0,1,0,76,12,0,0,0,0,0,0,0,1,0,0,11,2
SE0540,Kvarnan,6,48,2,0,1,0,0,0,0,0,0,0,0,0,0,0,0,1,0,192,10,0,0,0,0,0,0,0,1,0,0,11,2
SE0541,Forsan,6,62,2,0,1,0,0,0,0,0,0,0,0,0,0,0,0,1,0,76,12,0,0,0,0,0,0,0,1,0,0,11,2
SE0542,Kvarnan,6,48,2,0,1,0,0,0,0,0,0,0,0,0,0,0,0,1,0,192,10,0,0,0,0,0,0,0,1,0,0,11,2
SE0543,Forsan,6,62,2,0,1,0,0,0,0,0,0,0,0,0,0,0,0,1,0,76,12,0,0,0,0,0,0,0,1,0,0,11,2
SE0544,Kvarnan,6,48,2,0,1,0,0,0,0,0,0,0,0,0,0,0,0,1,0,192,10,0,0,0,0,0,0,0,1,0,0,11,2
SE0545,Saluan,6,83,2,0,1,0,0,0,0,0,0,0,0,0,0,0,0,1,0,20,9,0,0,0,0,0,0,0,1,0,0,11,2
SE0552,?re ?lv,6,2990,4,0,1,0,0,0,0,0,0,0,0,0,0,0,0,1,0,20,2,0,0,0,0,0,0,0,1,0,0,7,2
SE0553,L?gde ?lv,6,1503,4,0,1,0,0,0,0,0,0,0,0,0,0,0,0,1,0,19,3,0,0,0,0,0,0,0,1,0,0,7,2
SE0556,?re ?lv,6,2990,4,0,1,0,0,0,0,0,0,0,0,0,0,0,0,1,0,20,2,0,0,0,0,0,0,0,1,0,0,7,2
SE0558,L?gde ?lv,6,1425,4,0,1,0,0,0,0,0,0,0,0,0,0,0,0,1,0,71,5,0,0,0,0,0,0,0,1,0,0,7,2
SE0565,H?kvattsan,12,113,3,0,1,0,0,0,0,0,0,0,0,0,0,0,0,0,1,364,6,0,0,0,0,0,0,1,0,0,0,10,2
SE0566,H?kvattsan,12,113,3,0,1,0,0,0,0,0,0,0,0,0,0,0,0,0,1,364,6,0,0,0,0,0,0,1,0,0,0,10,2
SE0567,H?kvattsan,6,113,3,0,1,0,0,0,0,0,0,0,0,0,0,0,0,1,0,364,6,0,0,0,0,0,0,1,0,0,0,2,2
SE0570,G?llarb?cken,6,24,2,0,1,0,0,0,0,0,0,0,0,0,0,0,0,1,0,340,15,0,0,0,0,0,0,0,1,0,0,11,2
SE0582,Grabboksj?b?cken,6,14,1,0,1,0,0,0,0,0,0,0,0,0,0,0,0,1,0,324,12,0,0,0,0,0,0,0,1,0,0,11,2
SE0589,Bergvattensj?b?cken,6,12,1,0,1,0,0,0,0,0,0,0,0,0,0,0,0,1,0,348,12,0,0,0,0,0,0,0,1,0,0,11,2
SE0590,Bergvattensj?b?cken,6,12,1,0,1,0,0,0,0,0,0,0,0,0,0,0,0,1,0,348,12,0,0,0,0,0,0,0,1,0,0,11,2
SE0597,Vindel?lven,6,11789,5,0,1,0,0,0,0,0,0,0,0,0,0,0,0,1,0,143,3,0,0,0,0,0,0,0,1,0,0,7,2
SE0603,?stra Bjurb?cken,6,32,1,0,1,0,0,0,0,0,0,0,0,0,0,0,0,1,0,348,14,0,0,0,0,0,0,0,1,0,0,11,2
SE0611,B?ckmyrb?cken,6,11,1,0,1,0,0,0,0,0,0,0,0,0,0,0,0,1,0,376,16,0,0,0,0,0,0,0,1,0,0,11,2
SE0612,B?ckmyrb?cken,6,11,1,0,1,0,0,0,0,0,0,0,0,0,0,0,0,1,0,376,16,0,0,0,0,0,0,0,1,0,0,11,2
SE0618,Javanb?cken,6,49,2,0,1,0,0,0,0,0,0,0,0,0,0,0,0,1,0,386,16,0,0,0,0,0,0,0,1,0,0,11,2
SE0619,Javanb?cken,6,49,2,0,1,0,0,0,0,0,0,0,0,0,0,0,0,1,0,386,16,0,0,0,0,0,0,0,1,0,0,11,2
SE0620,Kage ?lv,6,901,4,0,1,0,0,0,0,0,0,0,0,0,0,0,0,1,0,9,4,0,0,0,0,0,0,0,1,0,0,7,2
SE0636,Byske ?lv,6,3637,5,0,1,0,0,0,0,0,0,0,0,0,0,0,0,1,0,16,4,0,0,0,0,0,0,0,1,0,0,7,2
SE0645,Vindel?lven,6,7980,5,0,1,0,0,0,0,0,0,0,0,0,0,0,0,1,0,259,1,0,0,0,0,0,0,0,1,0,0,11,2
SE0646,Vindel?lven,6,7980,5,0,1,0,0,0,0,0,0,0,0,0,0,0,0,1,0,259,1,0,0,0,0,0,0,0,1,0,0,11,2
SE0649,Vindel?lven,6,7787,5,0,1,0,0,0,0,0,0,0,0,0,0,0,0,1,0,274,3,0,0,0,0,0,0,0,1,0,0,11,2
SE0650,Skansn?san,6,100,3,0,1,0,0,0,0,0,0,0,0,0,0,0,0,1,0,480,6,0,0,0,0,0,0,1,0,0,0,2,2
SE0653,Skansn?san,6,100,3,0,1,0,0,0,0,0,0,0,0,0,0,0,0,1,0,480,6,0,0,0,0,0,0,1,0,0,0,2,2
SE0654,Skansn?san,6,100,3,0,1,0,0,0,0,0,0,0,0,0,0,0,0,1,0,480,6,0,0,0,0,0,0,1,0,0,0,2,2
SE0657,Vindel?lven,6,6644,5,0,1,0,0,0,0,0,0,0,0,0,0,0,0,1,0,326,3,0,0,0,0,0,0,0,1,0,0,7,2
SE0659,Vapst?lven,13,606,3,1,0,0,0,0,0,0,0,0,0,0,0,0,0,1,0,476,11,0,0,0,0,0,0,1,0,0,0,2,1
SE0660,Vapst?lven,13,535,3,1,0,0,0,0,0,0,0,0,0,0,0,0,0,1,0,530,5,0,0,0,0,0,0,1,0,0,0,2,1
SE0661,Vapst?lven,13,606,3,1,0,0,0,0,0,0,0,0,0,0,0,0,0,1,0,476,11,0,0,0,0,0,0,1,0,0,0,2,1
SE0662,Bergmyrb?cken,6,19,1,0,1,0,0,0,0,0,0,0,0,0,0,0,0,1,0,444,21,0,0,0,0,0,0,0,1,0,0,11,2
SE0664,Bergmyrb?cken,6,19,1,0,1,0,0,0,0,0,0,0,0,0,0,0,0,1,0,444,21,0,0,0,0,0,0,0,1,0,0,11,2
SE0665,Bergmyrb?cken,6,19,1,0,1,0,0,0,0,0,0,0,0,0,0,0,0,1,0,444,21,0,0,0,0,0,0,0,1,0,0,11,2
SE0666,Pite ?lv,6,6739,5,0,1,0,0,0,0,0,0,0,0,0,0,0,0,1,0,208,3,0,0,0,0,0,0,0,1,0,0,11,2
SE0667,Njallab?cken,6,40,2,0,1,0,0,0,0,0,0,0,0,0,0,0,0,1,0,183,22,0,0,0,0,0,0,0,1,0,0,11,2
SE0668,Njallab?cken,6,40,2,0,1,0,0,0,0,0,0,0,0,0,0,0,0,1,0,183,22,0,0,0,0,0,0,0,1,0,0,11,2
SE0669,Torne ?lv,12,40112,6,0,1,0,0,0,0,0,0,0,0,0,0,0,0,1,0,0,0,0,0,0,0,0,0,0,1,0,0,10,2
SE0670,Kalix ?lv,12,17672,6,0,1,0,0,0,0,0,0,0,0,0,0,0,0,1,0,6,1,0,0,0,0,0,0,0,1,0,0,10,2
SE0671,Kalix ?lv,12,17540,6,0,1,0,0,0,0,0,0,0,0,0,0,0,0,1,0,20,2,0,0,0,0,0,0,0,1,0,0,10,2
SE0672,Torne ?lv,12,39956,6,0,1,0,0,0,0,0,0,0,0,0,0,0,0,1,0,16,3,0,0,0,0,0,0,0,1,0,0,10,2
SE0673,Lais?lven,13,1420,5,1,0,0,0,0,0,0,0,0,0,0,0,0,0,1,0,438,12,0,0,0,0,0,0,1,0,0,0,2,1
SE0674,Lais?lven,13,1420,5,1,0,0,0,0,0,0,0,0,0,0,0,0,0,1,0,438,12,0,0,0,0,0,0,1,0,0,0,2,1
SE0675,Lais?lven,13,1420,5,1,0,0,0,0,0,0,0,0,0,0,0,0,0,1,0,438,12,0,0,0,0,0,0,1,0,0,0,2,1
SE0676,Barasjakka,13,302,4,1,0,0,0,0,0,0,0,0,0,0,0,0,0,1,0,720,11,0,0,0,0,0,0,1,0,0,0,2,1
SE0677,Barasjakka,13,302,4,1,0,0,0,0,0,0,0,0,0,0,0,0,0,1,0,720,11,0,0,0,0,0,0,1,0,0,0,2,1
SE0678,Marsomjaure,13,4074,5,1,0,0,0,0,0,0,0,0,0,0,0,0,0,1,0,429,0,0,0,0,0,0,0,0,1,0,0,11,1
SE0679,Marsomjaure,13,4074,5,1,0,0,0,0,0,0,0,0,0,0,0,0,0,1,0,429,0,0,0,0,0,0,0,0,1,0,0,11,1
SE0680,Marsomjaure,13,4074,5,1,0,0,0,0,0,0,0,0,0,0,0,0,0,1,0,429,0,0,0,0,0,0,0,0,1,0,0,11,1
SE0684,Pite ?lv,13,34,1,1,0,0,0,0,0,0,0,0,0,0,0,0,0,1,0,431,0,0,0,0,0,0,0,0,1,0,0,11,1
SE0685,Viepsajakka,13,87,2,1,0,0,0,0,0,0,0,0,0,0,0,0,0,1,0,507,6,0,0,0,0,0,0,1,0,0,0,2,1
SE0686,Viepsajakka,13,87,2,1,0,0,0,0,0,0,0,0,0,0,0,0,0,1,0,507,6,0,0,0,0,0,0,1,0,0,0,2,1
SE0687,Viepsajakka,13,87,2,1,0,0,0,0,0,0,0,0,0,0,0,0,0,1,0,507,6,0,0,0,0,0,0,1,0,0,0,2,1
SE0688,ngesan,6,4149,5,0,1,0,0,0,0,0,0,0,0,0,0,0,0,1,0,43,2,0,0,0,0,0,0,0,1,0,0,7,2
SE0689,Alep Uttjajakka,13,100,2,1,0,0,0,0,0,0,0,0,0,0,0,0,0,1,0,392,8,0,0,0,0,0,0,1,0,0,0,2,1
SE0690,Alep Uttjajakka,13,100,2,1,0,0,0,0,0,0,0,0,0,0,0,0,0,1,0,392,8,0,0,0,0,0,0,1,0,0,0,2,1
SE0691,Alep Uttjajakka,13,100,2,1,0,0,0,0,0,0,0,0,0,0,0,0,0,1,0,392,8,0,0,0,0,0,0,1,0,0,0,2,1
SE0692,Kalix ?lv,6,9619,5,0,1,0,0,0,0,0,0,0,0,0,0,0,0,1,0,63,5,0,0,0,0,0,0,0,1,0,0,7,2
SE0693,Muddus?lven,13,451,3,1,0,0,0,0,0,0,0,0,0,0,0,0,0,1,0,226,20,0,0,0,0,0,0,0,1,0,0,11,1
SE0694,Muddus?lven,13,451,3,1,0,0,0,0,0,0,0,0,0,0,0,0,0,1,0,226,20,0,0,0,0,0,0,0,1,0,0,11,1
SE0695,Muddus?lven,13,451,3,1,0,0,0,0,0,0,0,0,0,0,0,0,0,1,0,226,20,0,0,0,0,0,0,0,1,0,0,11,1
SE0696,Pite ?lv,13,4,1,1,0,0,0,0,0,0,0,0,0,0,0,0,0,1,0,526,46,0,0,0,0,0,0,1,0,0,0,2,1
SE0697,ngesan,6,1285,4,0,1,0,0,0,0,0,0,0,0,0,0,0,0,1,0,150,3,0,0,0,0,0,0,0,1,0,0,7,2
SE0698,Torne ?lv,11,32053,6,0,1,0,0,0,0,0,0,0,0,0,0,0,0,1,0,92,2,0,0,0,0,0,0,0,1,0,0,10,2
SE0699,Torne ?lv,12,31955,6,0,1,0,0,0,0,0,0,0,0,0,0,0,0,1,0,103,0,0,0,0,0,0,0,0,1,0,0,10,2
SE0700,Torne ?lv,6,16691,6,0,1,0,0,0,0,0,0,0,0,0,0,0,0,1,0,162,1,0,0,0,0,0,0,0,1,0,0,11,2
SE0701,Torne ?lv,11,17075,6,0,1,0,0,0,0,0,0,0,0,0,0,0,0,1,0,152,0,0,0,0,0,0,0,0,1,0,0,11,2
SE0702,Kalix ?lv,13,6147,5,1,0,0,0,0,0,0,0,0,0,0,0,0,0,1,0,304,3,0,0,0,0,0,0,0,1,0,0,7,1
SE0703,Kaitum ?lv,13,3032,4,1,0,0,0,0,0,0,0,0,0,0,0,0,0,1,0,382,3,0,0,0,0,0,0,1,0,0,0,2,1
SE0704,Lainio ?lv,6,6127,5,0,1,0,0,0,0,0,0,0,0,0,0,0,0,1,0,184,1,0,0,0,0,0,0,0,1,0,0,7,2
SE0705,Lainio ?lv,13,4999,5,1,0,0,0,0,0,0,0,0,0,0,0,0,0,1,0,282,3,0,0,0,0,0,0,0,1,0,0,7,1
SE0706,Akkarjakka,13,22,2,1,0,0,0,0,0,0,0,0,0,0,0,0,0,1,0,556,51,0,0,0,0,0,0,1,0,0,0,2,1
SE0707,Akkarjakka,13,22,2,1,0,0,0,0,0,0,0,0,0,0,0,0,0,1,0,556,51,0,0,0,0,0,0,1,0,0,0,2,1
SE0708,Akkarjakka,13,22,2,1,0,0,0,0,0,0,0,0,0,0,0,0,0,1,0,556,51,0,0,0,0,0,0,1,0,0,0,2,1
SE0709,Kitki?joki,13,103,2,1,0,0,0,0,0,0,0,0,0,0,0,0,0,1,0,236,4,0,0,0,0,0,0,0,1,0,0,7,1
SE0710,Kitki?joki,13,103,2,1,0,0,0,0,0,0,0,0,0,0,0,0,0,1,0,236,4,0,0,0,0,0,0,0,1,0,0,7,1
SE0711,Kitki?joki,13,103,2,1,0,0,0,0,0,0,0,0,0,0,0,0,0,1,0,236,4,0,0,0,0,0,0,0,1,0,0,7,1
SE0713,Pessisjakka,13,108,3,1,0,0,0,0,0,0,0,0,0,0,0,0,0,1,0,371,10,0,0,0,0,0,0,1,0,0,0,2,1
SE0714,Pessisjakka,13,108,3,1,0,0,0,0,0,0,0,0,0,0,0,0,0,1,0,371,10,0,0,0,0,0,0,1,0,0,0,2,1
SE0715,Lainio ?lv,13,1917,4,1,0,0,0,0,0,0,0,0,0,0,0,0,0,1,0,448,6,0,0,0,0,0,0,1,0,0,0,2,1
SKIDIKR0003,LOMNICA_2,3,19,3,0,0,0,0,0,1,0,0,0,0,0,0,0,0,1,0,292,30,0,0,0,0,0,0,1,0,0,0,2,6
SKIDIKR0005,UDAVA,2,13,1,0,0,0,0,1,0,0,0,0,0,0,0,0,1,0,0,473,27,0,0,0,0,0,0,1,0,0,0,1,5
SKIDIKR0006,OKNA,5,34,3,0,0,0,0,0,1,0,0,0,0,0,0,0,0,1,0,371,22,0,0,0,0,0,0,1,0,0,0,2,6
SKIDIKR0007,STRUZNICA,2,34,2,0,0,0,0,1,0,0,0,0,0,0,0,0,1,0,0,423,19,0,0,0,0,0,0,1,0,0,0,1,5
SKIDIKR0008,RIEKA,1,13,1,0,0,0,0,0,1,0,0,0,0,0,0,0,1,0,0,435,29,0,0,0,0,0,0,1,0,0,0,1,6
SKIDIKR0010,HORNAD,1,323,4,0,0,0,0,0,1,0,0,0,0,0,0,0,1,0,0,486,9,0,0,0,0,0,0,1,0,0,0,1,6
SKIDIKR0011,HNILEC,2,15,2,0,0,0,0,1,0,0,0,0,0,0,0,0,1,0,0,942,31,0,0,0,0,0,0,1,0,0,0,1,5
SKIDIKR0012,PORACSKY P.,1,27,2,0,0,0,0,0,1,0,0,0,0,0,0,0,1,0,0,458,22,0,0,0,0,0,0,1,0,0,0,1,6
SKIDIKR0015,TISOVNIK,3,125,3,0,0,0,0,0,1,0,0,0,0,0,0,0,0,1,0,257,7,0,0,0,0,0,0,1,0,0,0,2,6
SKIDIKR0016,TISOVNIK,3,125,3,0,0,0,0,0,1,0,0,0,0,0,0,0,0,1,0,257,7,0,0,0,0,0,0,1,0,0,0,2,6
SKIDIKR0017,STARA RIEKA,3,152,3,0,0,0,0,0,0,0,1,0,0,0,0,0,1,0,0,186,3,0,0,0,1,0,0,0,0,0,0,5,8
SKIDIKR0019,RUDAVA,5,158,3,0,0,0,0,0,0,0,1,0,0,0,0,0,0,1,0,184,1,0,0,0,0,0,0,1,0,0,0,2,8
SKIDIKR0024,NITRA,1,12,2,0,0,0,0,0,1,0,0,0,0,0,0,0,1,0,0,458,39,0,0,0,0,0,0,1,0,0,0,1,6
SKIDIKR0026,HOSTIANSKY POTOK,5,46,2,0,0,0,0,0,1,0,0,0,0,0,0,0,0,1,0,269,10,0,0,0,0,0,0,1,0,0,0,2,6
SKIDIKR0027,TUZINA,1,26,2,0,0,0,0,0,1,0,0,0,0,0,0,0,1,0,0,436,10,0,0,0,0,0,0,1,0,0,0,1,6
SKIDIKR0028,BYSTRICA_3,5,14,2,0,0,0,0,0,1,0,0,0,0,0,0,0,0,1,0,564,69,0,0,0,0,0,0,1,0,0,0,2,6
SKIDIKR0030,POPRAD,5,44,3,0,0,0,0,0,1,0,0,0,0,0,0,0,0,1,0,842,30,0,0,0,0,0,0,1,0,0,0,2,6
SKIDIKR0035,VELKY STUDENY P.,5,21,3,0,0,0,0,0,1,0,0,0,0,0,0,0,0,1,0,1014,72,0,0,0,0,0,0,1,0,0,0,2,6
SKIDIKR0037,HRON,5,30,3,0,0,0,0,0,1,0,0,0,0,0,0,0,0,1,0,816,10,0,0,0,0,0,0,1,0,0,0,2,6
SKIDIKR0039,HRON,5,194,4,0,0,0,0,0,1,0,0,0,0,0,0,0,0,1,0,646,8,0,0,0,0,0,0,1,0,0,0,2,6
SKIDIKR0040,HRON,5,273,4,0,0,0,0,0,1,0,0,0,0,0,0,0,0,1,0,610,4,0,0,0,0,0,0,1,0,0,0,2,6
SKIDIKR0050,BYSTRICA_1,1,15,2,0,0,0,0,0,1,0,0,0,0,0,0,0,1,0,0,722,52,0,0,0,0,0,0,1,0,0,0,1,6
SKIDIKR0053,LUTILSKY P.,5,9,2,0,0,0,0,0,1,0,0,0,0,0,0,0,0,1,0,506,48,0,0,0,0,0,0,1,0,0,0,2,6
SKIDIKR0054,POKUTSKY P.,5,12,2,0,0,0,0,0,1,0,0,0,0,0,0,0,0,1,0,500,51,0,0,0,0,0,0,1,0,0,0,2,6
SKIDIKR0055,POKUTSKY P.,5,17,2,0,0,0,0,0,1,0,0,0,0,0,0,0,0,1,0,414,29,0,0,0,0,0,0,1,0,0,0,2,6
SKIDIKR0056,MOSTENICKY P.,1,12,2,0,0,0,0,0,1,0,0,0,0,0,0,0,1,0,0,536,41,0,0,0,0,0,0,1,0,0,0,1,6
SKIDIKR0064,RIMAVICA,5,149,3,0,0,0,0,0,1,0,0,0,0,0,0,0,0,1,0,271,5,0,0,0,0,0,0,1,0,0,0,2,6
SKIDIKR0066,CIERNY VAH,5,62,3,0,0,0,0,0,1,0,0,0,0,0,0,0,0,1,0,884,12,0,0,0,0,0,0,1,0,0,0,2,6
SKIDIKR0073,ORAVICA,1,70,3,0,0,0,0,0,1,0,0,0,0,0,0,0,1,0,0,685,12,0,0,0,0,0,0,1,0,0,0,1,6
SKIDIKR0078,IPOLTICA,5,83,3,0,0,0,0,0,1,0,0,0,0,0,0,0,0,1,0,774,11,0,0,0,0,0,0,1,0,0,0,2,6
SKIDIKR0079,REVUCA,1,78,3,0,0,0,0,0,1,0,0,0,0,0,0,0,1,0,0,632,11,0,0,0,0,0,0,1,0,0,0,1,6
SKIDIKR0081,DOMANIZANKA,5,44,3,0,0,0,0,0,1,0,0,0,0,0,0,0,0,1,0,361,1,0,0,0,0,0,0,1,0,0,0,2,6
SKIDIKR0084,LUBORCA,1,22,1,0,0,0,0,0,1,0,0,0,0,0,0,0,1,0,0,330,23,0,0,0,0,0,0,1,0,0,0,1,6
SKIDIKR0085,LESNIANKA,1,21,3,0,0,0,0,0,1,0,0,0,0,0,0,0,1,0,0,568,23,0,0,0,0,0,0,1,0,0,0,1,6
SKIDIKR0086,STIAVNICA_1,1,51,3,0,0,0,0,0,1,0,0,0,0,0,0,0,1,0,0,708,28,0,0,0,0,0,0,1,0,0,0,1,6
SKIDIKR0087,GADERSKY P.,1,14,2,0,0,0,0,0,1,0,0,0,0,0,0,0,1,0,0,839,32,0,0,0,0,0,0,1,0,0,0,1,6
SovP0806,Sovra,2,53,2,0,0,0,0,1,0,0,0,0,0,0,0,0,1,0,0,482,3,0,0,0,0,0,0,1,0,0,0,1,5
SovS0806,Sovra,2,29,2,0,0,0,0,1,0,0,0,0,0,0,0,0,1,0,0,496,9,0,0,0,0,0,0,1,0,0,0,1,5
SSRo0806,Selçka Sora,2,48,4,0,0,0,0,1,0,0,0,0,0,0,0,0,1,0,0,571,14,0,0,0,0,0,0,1,0,0,0,1,5
SSZL0806,Selçka Sora,2,52,4,0,0,0,0,1,0,0,0,0,0,0,0,0,1,0,0,546,15,0,0,1,0,0,0,0,0,0,0,4,5
SvSo0706,Savinja,2,45,3,0,0,0,0,1,0,0,0,0,0,0,0,0,1,0,0,729,0,0,0,0,0,0,0,1,0,0,0,1,5
TBJk1079,Tr§içka Bistrica,2,56,3,0,0,0,0,1,0,0,0,0,0,0,0,0,1,0,0,604,50,0,0,0,0,0,0,1,0,0,0,1,5
WAL118010,Nothomberbach,1,26,2,0,0,0,0,0,1,0,0,0,0,0,0,0,1,0,0,300,10,0,0,1,0,0,0,0,0,0,0,5,6
WAL121006,Laclaireau,5,40,2,0,0,0,0,0,1,0,0,0,0,0,0,0,0,1,0,242,7,0,0,1,0,0,0,0,0,0,0,4,6
WAL151002,Longlier,3,44,2,0,0,0,0,0,1,0,0,0,0,0,0,0,0,1,0,400,5,0,0,1,0,0,0,0,0,0,0,3,6
WAL160001,Semois,3,765,4,0,0,0,0,0,1,0,0,0,0,0,0,0,0,1,0,306,0,0,0,1,0,0,0,0,0,0,0,3,6
WAL161003,Semois,3,811,4,0,0,0,0,0,1,0,0,0,0,0,0,0,0,1,0,288,2,0,0,1,0,0,0,0,0,0,0,3,6
WAL161004,Semois,3,765,4,0,0,0,0,0,1,0,0,0,0,0,0,0,0,1,0,306,0,0,0,1,0,0,0,0,0,0,0,3,6
WAL163012,Aise,5,14,1,0,0,0,0,0,1,0,0,0,0,0,0,0,0,1,0,294,13,0,0,1,0,0,0,0,0,0,0,4,6
WAL166001,Aleines,5,88,3,0,0,0,0,0,1,0,0,0,0,0,0,0,0,1,0,255,11,0,0,1,0,0,0,0,0,0,0,4,6
WAL166007,Aleines,3,88,3,0,0,0,0,0,1,0,0,0,0,0,0,0,0,1,0,255,11,0,0,1,0,0,0,0,0,0,0,4,6
WAL172006,Liresse,5,13,1,0,0,0,0,0,1,0,0,0,0,0,0,0,0,1,0,267,29,0,0,1,0,0,0,0,0,0,0,4,6
WAL173008,Rebay,5,14,1,0,0,0,0,0,1,0,0,0,0,0,0,0,0,1,0,242,20,0,0,1,0,0,0,0,0,0,0,4,6
WAL173010,Gros Fays,5,18,1,0,0,0,0,0,1,0,0,0,0,0,0,0,0,1,0,284,31,0,0,1,0,0,0,0,0,0,0,4,6
WAL175001,Semois,3,1263,4,0,0,0,0,0,1,0,0,0,0,0,0,0,0,1,0,169,2,0,0,1,0,0,0,0,0,0,0,3,6
WAL175006,Semois,3,1252,4,0,0,0,0,0,1,0,0,0,0,0,0,0,0,1,0,176,1,0,0,1,0,0,0,0,0,0,0,3,6
WAL175016,Membre,5,17,1,0,0,0,0,0,1,0,0,0,0,0,0,0,0,1,0,242,22,0,0,1,0,0,0,0,0,0,0,4,6
WAL200002,Houille,5,114,3,0,0,0,0,0,1,0,0,0,0,0,0,0,0,1,0,213,7,0,0,1,0,0,0,0,0,0,0,4,6
WAL211001,Lesse,5,91,3,0,0,0,0,0,1,0,0,0,0,0,0,0,0,1,0,320,9,0,0,1,0,0,0,0,0,0,0,4,6
WAL211003,Lesse,5,68,3,0,0,0,0,0,1,0,0,0,0,0,0,0,0,1,0,338,7,0,0,1,0,0,0,0,0,0,0,4,6
WAL211004,Lesse,5,41,2,0,0,0,0,0,1,0,0,0,0,0,0,0,0,1,0,362,13,0,0,1,0,0,0,0,0,0,0,4,6
WAL211009,Lesse,3,202,3,0,0,0,0,0,1,0,0,0,0,0,0,0,0,1,0,261,5,0,0,1,0,0,0,0,0,0,0,3,6
WAL212004,Mache,5,86,3,0,0,0,0,0,1,0,0,0,0,0,0,0,0,1,0,259,8,0,0,1,0,0,0,0,0,0,0,4,6
WAL212005,Mache,5,86,3,0,0,0,0,0,1,0,0,0,0,0,0,0,0,1,0,259,8,0,0,1,0,0,0,0,0,0,0,4,6
WAL214001,Lesse,3,303,4,0,0,0,0,0,1,0,0,0,0,0,0,0,0,1,0,228,4,0,0,1,0,0,0,0,0,0,0,3,6
WAL232008,Hauval,5,16,2,0,0,0,0,0,1,0,0,0,0,0,0,0,0,1,0,288,24,0,0,1,0,0,0,0,0,0,0,4,6
WAL233008,Masblette,5,43,2,0,0,0,0,0,1,0,0,0,0,0,0,0,0,1,0,238,13,0,0,1,0,0,0,0,0,0,0,4,6
WAL234001,Lhomme,3,477,4,0,0,0,0,0,1,0,0,0,0,0,0,0,0,1,0,152,3,0,0,1,0,0,0,0,0,0,0,3,6
WAL234014,Lhomme,5,477,4,0,0,0,0,0,1,0,0,0,0,0,0,0,0,1,0,152,3,0,0,1,0,0,0,0,0,0,0,3,6
WAL234023,Lhomme,3,477,4,0,0,0,0,0,1,0,0,0,0,0,0,0,0,1,0,152,3,0,0,1,0,0,0,0,0,0,0,3,6
WAL240001,Wimbe,3,18,2,0,0,0,0,0,1,0,0,0,0,0,0,0,0,1,0,282,14,0,0,1,0,0,0,0,0,0,0,4,6
WAL240016,Wimbe,3,114,3,0,0,0,0,0,1,0,0,0,0,0,0,0,0,1,0,150,3,0,0,1,0,0,0,0,0,0,0,3,6
WAL243002,Lesse,3,1080,5,0,0,0,0,0,1,0,0,0,0,0,0,0,0,1,0,137,0,0,0,1,0,0,0,0,0,0,0,3,6
WAL244003,Lesse,3,1167,5,0,0,0,0,0,1,0,0,0,0,0,0,0,0,1,0,134,5,0,0,1,0,0,0,0,0,0,0,3,6
WAL245001,Yvoigne,5,51,2,0,0,0,0,0,1,0,0,0,0,0,0,0,0,1,0,190,9,0,0,1,0,0,0,0,0,0,0,4,6
WAL246004,Lesse,5,1338,5,0,0,0,0,0,1,0,0,0,0,0,0,0,0,1,0,103,3,0,0,1,0,0,0,0,0,0,0,3,6
WAL246007,Lesse,3,1318,5,0,0,0,0,0,1,0,0,0,0,0,0,0,0,1,0,118,6,0,0,1,0,0,0,0,0,0,0,3,6
WAL246008,Lesse,3,1338,5,0,0,0,0,0,1,0,0,0,0,0,0,0,0,1,0,103,3,0,0,1,0,0,0,0,0,0,0,3,6
WAL320001,Eau Noire,3,103,2,0,0,0,0,0,1,0,0,0,0,0,0,0,0,1,0,236,5,0,0,1,0,0,0,0,0,0,0,3,6
WAL321001,Forge au Prince,5,47,2,0,0,0,0,0,1,0,0,0,0,0,0,0,0,1,0,240,11,0,0,1,0,0,0,0,0,0,0,4,6
WAL331001,Luve,5,30,1,0,0,0,0,0,1,0,0,0,0,0,0,0,0,1,0,208,16,0,0,1,0,0,0,0,0,0,0,4,6
WAL602001,Laval,3,78,2,0,0,0,0,0,1,0,0,0,0,0,0,0,0,1,0,396,7,0,0,1,0,0,0,0,0,0,0,4,6
WAL607001,Ourthe Occidentale,3,388,4,0,0,0,0,0,1,0,0,0,0,0,0,0,0,1,0,312,3,0,0,1,0,0,0,0,0,0,0,3,6
WAL607005,Ourthe occidentale,3,388,4,0,0,0,0,0,1,0,0,0,0,0,0,0,0,1,0,312,3,0,0,1,0,0,0,0,0,0,0,3,6
WAL615001,Ourthe Orientale,3,325,3,0,0,0,0,0,1,0,0,0,0,0,0,0,0,1,0,298,4,0,0,1,0,0,0,0,0,0,0,3,6
WAL620009,Ourthe,5,755,4,0,0,0,0,0,1,0,0,0,0,0,0,0,0,1,0,258,4,0,0,1,0,0,0,0,0,0,0,3,6
WAL624005,Ourthe,4,933,4,0,0,0,0,0,1,0,0,0,0,0,0,0,1,0,0,184,1,0,0,1,0,0,0,0,0,0,0,5,6
WAL632011,Aisne,1,192,3,0,0,0,0,0,1,0,0,0,0,0,0,0,1,0,0,146,9,0,0,1,0,0,0,0,0,0,0,5,6
WAL640015,Somme,5,39,2,0,0,0,0,0,1,0,0,0,0,0,0,0,0,1,0,159,9,0,0,1,0,0,0,0,0,0,0,4,6
