Site code,HYMO  type,"Highly rheophilic, intolerant species","Rheophilic benthic species, preferring sandy-gravel bottom substrate","Rheophilic water column species, preferring sandy-gravel bottom substrate",Limnophilic benthic species of moderate tolerance,Limnophilic water column species of moderate tolerance,"Intolerant, rheophilic benthic species, preferring detritus or pelal bottom substrate","Intolerant, water column species",Limnophilic lithophilic species of moderate tolerance,Limnophilic phytophilic species of moderate tolerance,Benthic species  of moderate tolerance,Generalists - tolerant species
AT_119,1,1,0,0,0,0,0,0,0,0,0,0
AT_1234,2,0.897142857,0,0.102857143,0,0,0,0,0,0,0,0
AT_244,2,0.985507246,0,0.014492754,0,0,0,0,0,0,0,0
AT_263,3,0.576576577,0,0.423423423,0,0,0,0,0,0,0,0
AT_2927,1,0.433333333,0,0.566666667,0,0,0,0,0,0,0,0
AT_2928,1,0.792857143,0,0.207142857,0,0,0,0,0,0,0,0
AT_3200,1,0.540983607,0,0.459016393,0,0,0,0,0,0,0,0
AT_3947,1,0.851851852,0,0.148148148,0,0,0,0,0,0,0,0
AT_43,1,0.992,0,0.008,0,0,0,0,0,0,0,0
AT_4599,3,0.332568807,0.422018349,0.075688073,0,0,0,0,0,0.009174312,0,0.160550459
AT_4678,1,0.96,0,0.04,0,0,0,0,0,0,0,0
AT_4885,1,0.559139785,0,0.311827957,0,0,0,0.010752688,0,0,0,0.11827957
AT_5202,3,0.828092243,0.033542977,0.136268344,0,0,0,0,0,0,0,0.002096436
AT_5342,2,1,0,0,0,0,0,0,0,0,0,0
AT_56,2,1,0,0,0,0,0,0,0,0,0,0
AT_5616,3,0.438655462,0.282352941,0.272268908,0,0,0,0,0,0.001680672,0,0.005042017
AT_5759,4,0.33744856,0.41563786,0.24691358,0,0,0,0,0,0,0,0
AT_5781,3,0.962025316,0,0.037974684,0,0,0,0,0,0,0,0
AT_5783,2,1,0,0,0,0,0,0,0,0,0,0
AT_595,1,0.798319328,0,0.201680672,0,0,0,0,0,0,0,0
AT_676,2,0.978723404,0,0.021276596,0,0,0,0,0,0,0,0
AT_728,1,0.634146341,0,0.365853659,0,0,0,0,0,0,0,0
AT_827,2,0.982300885,0,0.017699115,0,0,0,0,0,0,0,0
AT_872,3,0.8671875,0,0.1328125,0,0,0,0,0,0,0,0
AT_879,2,1,0,0,0,0,0,0,0,0,0,0
AT_886,1,1,0,0,0,0,0,0,0,0,0,0
AT_891,2,1,0,0,0,0,0,0,0,0,0,0
CZAOPK_2004,3,1,0,0,0,0,0,0,0,0,0,0
CZAOPK_2026,3,0.157480315,0.25984252,0.57480315,0,0,0,0,0,0,0,0.007874016
CZAOPK_2028,3,0.8,0.035978836,0.164021164,0,0,0,0,0,0,0,0
CZAOPK_2031,3,0.695560254,0.097251586,0.207188161,0,0,0,0,0,0,0,0
CZAOPK_2034,3,0.444444444,0.111111111,0.444444444,0,0,0,0,0,0,0,0
CZAOPK_2039,1,0,0.093896714,0.906103286,0,0,0,0,0,0,0,0
CZREF_034,3,0,0.143835616,0.657534247,0,0,0,0,0,0,0,0.198630137
CZREF_052,1,1,0,0,0,0,0,0,0,0,0,0
CZREF_073,1,1,0,0,0,0,0,0,0,0,0,0
CZREF_086,3,0.035897436,0.266666667,0.697435897,0,0,0,0,0,0,0,0
CZREF_091,3,0.018666667,0.546666667,0.290666667,0,0,0,0,0,0.12,0,0.024
CZREF_120,1,1,0,0,0,0,0,0,0,0,0,0
CZREF_127,1,0.118870728,0.313521545,0.564635958,0,0,0,0,0,0,0,0.002971768
CZREF_165,3,1,0,0,0,0,0,0,0,0,0,0
EE_10131_3,5,0.2,0.3,0.3,0.025,0,0,0,0,0,0.05,0.125
EE_10365_2,5,0.001597444,0.022364217,0.974440895,0,0,0,0,0,0,0,0.001597444
EE_10374_1,5,0.122857143,0,0.865714286,0,0,0,0,0,0,0,0.011428571
EE_10526_1,5,0.102918587,0.164362519,0.717357911,0,0,0,0,0,0.003072197,0,0.012288786
EE_10526_2,5,0.005464481,0.027322404,0.366120219,0,0,0,0,0,0.038251366,0.005464481,0.557377049
EE_10599_1,5,0.041436464,0.205801105,0.740331492,0,0,0,0,0,0.005524862,0,0.006906077
EE_11196_1,6,0.398601399,0.146853147,0.020979021,0,0,0,0,0,0.083916084,0,0.34965035
EE_11409_1,5,0.004,0.026666667,0.966666667,0,0,0,0,0,0.001333333,0.001333333,0
EE_11459_2,6,0.045454545,0.209090909,0.618181818,0,0,0.127272727,0,0,0,0,0
EE_11468_2,6,0.408888889,0.333333333,0.217777778,0,0,0.026666667,0,0,0.013333333,0,0
EE_11581_1,5,0.3828125,0.1171875,0.453125,0,0,0.0390625,0,0,0,0.0078125,0
ES_06_0001,7,1,0,0,0,0,0,0,0,0,0,0
ES_06_0009,7,1,0,0,0,0,0,0,0,0,0,0
ES_06_0015,7,0.125,0,0,0,0,0,0,0,0,0,0.875
ES_07_0017,8,0.807692308,0,0,0,0,0,0,0,0,0,0.192307692
ES_08_0001,2,1,0,0,0,0,0,0,0,0,0,0
ES_08_0002,2,1,0,0,0,0,0,0,0,0,0,0
ES_08_0008,2,1,0,0,0,0,0,0,0,0,0,0
ES_08_0014,2,1,0,0,0,0,0,0,0,0,0,0
ES_20_0021,2,0.701298701,0,0.285714286,0,0,0,0,0,0,0,0.012987013
ES_22_0002,9,1,0,0,0,0,0,0,0,0,0,0
ES_23_0018,7,0.084507042,0.042253521,0,0,0,0,0,0.845070423,0,0,0.028169014
ES_31_0002,7,1,0,0,0,0,0,0,0,0,0,0
ES_32_0008,7,0.007326007,0.172771673,0,0,0,0,0,0.787545788,0,0,0.032356532
ES_32_0014,7,0.988826816,0.005586592,0,0,0,0,0,0.005586592,0,0,0
ES_34_0012,7,1,0,0,0,0,0,0,0,0,0,0
ES_34_0020,7,1,0,0,0,0,0,0,0,0,0,0
ES_34_0026,7,1,0,0,0,0,0,0,0,0,0,0
ES_35_0039,9,0.986486486,0,0,0,0,0,0,0,0,0,0.013513514
ES_35_0057,9,0.972222222,0,0,0,0,0,0,0,0,0,0.027777778
ES_35_0139,9,0.913580247,0,0,0,0,0,0,0,0,0,0.086419753
ES_35_0146,9,0.916666667,0,0,0,0,0,0,0,0,0,0.083333333
ES_35_0152,9,0.84375,0,0,0,0,0,0,0,0,0,0.15625
ES_35_0156,9,0.96875,0,0,0,0,0,0,0,0,0,0.03125
ES_35_0167,9,1,0,0,0,0,0,0,0,0,0,0
ES_35_0200,9,1,0,0,0,0,0,0,0,0,0,0
ES_35_0209,9,1,0,0,0,0,0,0,0,0,0,0
ES_35_0216,9,0.786885246,0,0,0,0,0,0,0,0,0,0.213114754
ES_35_0221,9,1,0,0,0,0,0,0,0,0,0,0
ES_35_0251,9,0.428571429,0,0,0,0,0,0,0,0,0,0.571428571
ES_35_0270,9,1,0,0,0,0,0,0,0,0,0,0
ES_35_0275,9,1,0,0,0,0,0,0,0,0,0,0
ES_35_0288,9,1,0,0,0,0,0,0,0,0,0,0
ES_35_0297,9,0.932885906,0,0,0,0,0,0,0,0,0,0.067114094
ES_35_0300,9,1,0,0,0,0,0,0,0,0,0,0
ES_35_0313,9,0.784946237,0.215053763,0,0,0,0,0,0,0,0,0
ES_35_0316,9,0.8,0.2,0,0,0,0,0,0,0,0,0
ES_35_0334,9,1,0,0,0,0,0,0,0,0,0,0
ES_35_0338,9,1,0,0,0,0,0,0,0,0,0,0
ES_35_0345,9,1,0,0,0,0,0,0,0,0,0,0
ES_35_0351,9,0.732142857,0,0,0,0,0,0,0,0,0,0.267857143
ES_35_0405,9,0,0,0,0,0.166666667,0,0,0,0,0,0.833333333
ES_35_0445,9,0.908163265,0.071428571,0,0,0,0,0,0,0,0,0.020408163
ES_35_0446,9,0.925,0,0,0,0.025,0,0,0,0,0,0.05
ES_35_0465,9,0.815789474,0.105263158,0,0,0,0,0,0,0,0,0.078947368
ES_35_0466,9,0.853658537,0.048780488,0,0,0,0,0,0,0,0,0.097560976
ES_35_0474,9,0.979381443,0,0,0,0,0,0,0,0,0,0.020618557
ES_35_0489,9,0.631578947,0,0,0,0.342105263,0,0,0,0,0,0.026315789
ES_35_0501,9,0.903225806,0,0,0,0,0,0,0.064516129,0,0,0.032258065
ES_35_0505,9,0.52,0,0,0,0,0,0,0.37,0,0,0.11
ES_35_0525,9,0.808988764,0,0,0,0,0,0,0,0,0,0.191011236
ES_35_0533,9,1,0,0,0,0,0,0,0,0,0,0
ES_35_0550,9,1,0,0,0,0,0,0,0,0,0,0
ES_35_0551,9,0.945054945,0,0,0,0,0,0,0,0,0,0.054945055
ES_35_0560,9,0.872881356,0,0,0,0,0,0,0,0,0,0.127118644
ES_35_0649,9,1,0,0,0,0,0,0,0,0,0,0
ES_35_0930,9,0.863636364,0,0,0,0,0,0,0,0,0,0.136363636
ES_35_0938,9,0.272727273,0.045454545,0,0,0.363636364,0,0,0,0,0,0.318181818
ES_35_0942,9,0.2,0,0,0,0,0,0,0,0,0,0.8
ES_35_1042,9,1,0,0,0,0,0,0,0,0,0,0
ES_35_1138,9,0.422222222,0,0,0,0,0,0,0.577777778,0,0,0
ES_35_1143,9,0.67816092,0,0,0,0,0,0,0,0,0,0.32183908
ES_35_1165,2,1,0,0,0,0,0,0,0,0,0,0
ES_35_1201,2,1,0,0,0,0,0,0,0,0,0,0
ES_35_1209,2,1,0,0,0,0,0,0,0,0,0,0
ES_35_1214,2,1,0,0,0,0,0,0,0,0,0,0
ES_35_1218,2,1,0,0,0,0,0,0,0,0,0,0
ES_35_1222,2,1,0,0,0,0,0,0,0,0,0,0
ES_35_1224,2,1,0,0,0,0,0,0,0,0,0,0
ES_35_1238,2,1,0,0,0,0,0,0,0,0,0,0
ES_35_1316,7,1,0,0,0,0,0,0,0,0,0,0
ES_35_1439,2,1,0,0,0,0,0,0,0,0,0,0
ES_35_1508,9,1,0,0,0,0,0,0,0,0,0,0
ES_35_1628,9,0,0,0,0,0,0,0,0,0,0,1
ES_35_1630,9,0.996865204,0,0,0,0,0,0,0,0,0,0.003134796
ES_35_1706,9,0.922455574,0,0.025848142,0,0,0,0,0,0,0,0.051696284
ES_35_1709,9,0.675675676,0,0,0,0,0,0,0,0,0,0.324324324
ES_35_1713,9,0.837209302,0,0,0,0,0,0,0,0,0,0.162790698
ES_35_1749,9,0.981132075,0.018867925,0,0,0,0,0,0,0,0,0
ES_35_1753,9,1,0,0,0,0,0,0,0,0,0,0
ES_35_1762,9,0.870588235,0,0,0,0,0,0,0,0,0,0.129411765
ES_35_1772,9,1,0,0,0,0,0,0,0,0,0,0
ES_35_1783,2,1,0,0,0,0,0,0,0,0,0,0
ES_35_1795,9,1,0,0,0,0,0,0,0,0,0,0
ES_35_1796,9,1,0,0,0,0,0,0,0,0,0,0
ES_35_1799,9,0.745098039,0,0.254901961,0,0,0,0,0,0,0,0
ES_35_1828,2,1,0,0,0,0,0,0,0,0,0,0
ES_35_1838,2,1,0,0,0,0,0,0,0,0,0,0
ES_35_1854,9,1,0,0,0,0,0,0,0,0,0,0
ESF034,10,0,0.245243129,0,0,0,0,0.057082452,0.241014799,0.384778013,0.054968288,0.016913319
ESF053,10,0,0.189944134,0,0,0,0,0,0.022346369,0.631284916,0.150837989,0.005586592
ESF111,10,0,0.003759398,0,0,0,0,0,0.131578947,0.748120301,0.116541353,0
ESF194,10,0,0,0,0,0,0,0,0.158031088,0.841968912,0,0
ESF199,10,0,0.042471042,0,0,0,0,0,0.185328185,0.691119691,0,0.081081081
ESF205,10,0,0.007462687,0,0,0,0,0,0.029850746,0.940298507,0,0.02238806
ESF311,10,0,0,0,0,0,0,0,0.116504854,0.883495146,0,0
ESRB014,8,0,1,0,0,0,0,0,0,0,0,0
ESRB110,8,0,0,0,0,0.547169811,0,0,0.452830189,0,0,0
ESRB137,8,0,0,0,0,1,0,0,0,0,0,0
ESRB151,8,0,0,0,0,0.363636364,0,0,0.636363636,0,0,0
ESRB152,7,1,0,0,0,0,0,0,0,0,0,0
EW12676,1,1,0,0,0,0,0,0,0,0,0,0
EW13526,11,0.734375,0.265625,0,0,0,0,0,0,0,0,0
EW594,11,0,0.230769231,0.307692308,0,0,0,0,0,0,0,0.461538462
EW8624,11,1,0,0,0,0,0,0,0,0,0,0
EW894,11,0.222222222,0.166666667,0.333333333,0,0,0,0,0,0.166666667,0,0.111111111
FI_1,12,0.6,0,0.352380952,0,0,0,0,0,0,0.047619048,0
FI_108,5,0.157894737,0.368421053,0.473684211,0,0,0,0,0,0,0,0
FI_109,13,0.543103448,0.163793103,0.284482759,0,0,0,0,0,0.00862069,0,0
FI_110,13,0.180645161,0.083870968,0.490322581,0,0,0,0,0,0,0,0.24516129
FI_111,13,0.669811321,0.254716981,0.066037736,0,0,0,0,0,0,0.009433962,0
FI_112,13,0.45,0.2125,0.325,0,0,0,0,0,0,0.0125,0
FI_113,5,0.471698113,0.254716981,0.254716981,0,0,0,0,0,0,0.018867925,0
FI_114,5,0.494382022,0.101123596,0.404494382,0,0,0,0,0,0,0,0
FI_115,13,0.693333333,0.24,0.066666667,0,0,0,0,0,0,0,0
FI_116,5,0.619565217,0.315217391,0.02173913,0,0,0,0,0,0.02173913,0.02173913,0
FI_117,5,0.669064748,0.179856115,0.151079137,0,0,0,0,0,0,0,0
FI_2,14,0.984126984,0,0,0,0,0,0,0,0,0.015873016,0
FI_24,13,0.363636364,0,0.409090909,0,0,0,0,0,0,0,0.227272727
FI_25,13,0.025316456,0,0.953586498,0,0,0,0,0,0,0.008438819,0.012658228
FI_259,12,0.810526316,0.094736842,0.094736842,0,0,0,0,0,0,0,0
FI_26,5,0.146341463,0,0.341463415,0,0,0,0,0,0.048780488,0,0.463414634
FI_260,12,0.50887574,0.183431953,0.278106509,0,0,0,0,0,0,0.029585799,0
FI_262,12,0.446808511,0.042553191,0.468085106,0,0,0,0,0,0,0.042553191,0
FI_264,12,0.929824561,0,0.070175439,0,0,0,0,0,0,0,0
FI_266,12,0.44137931,0,0.524137931,0,0,0,0,0,0.027586207,0.006896552,0
FI_268,12,0.911764706,0,0.058823529,0,0,0,0,0,0,0.029411765,0
FI_270,12,0.823529412,0,0.088235294,0,0,0,0,0,0,0.088235294,0
FI_272,12,0.846153846,0,0,0,0,0,0,0,0,0,0.153846154
FI_274,12,0.72,0,0.24,0,0,0,0,0,0,0.04,0
FI_276,12,0.948387097,0,0.04516129,0,0,0,0,0,0,0.006451613,0
FI_278,12,0.936170213,0,0.063829787,0,0,0,0,0,0,0,0
FI_280,5,1,0,0,0,0,0,0,0,0,0,0
FI_282,5,0.422535211,0,0.549295775,0,0,0,0,0,0,0.028169014,0
FI_284,5,0.941860465,0,0.046511628,0,0,0,0,0,0,0.011627907,0
FI_286,13,0.977272727,0,0,0,0,0,0,0,0,0.022727273,0
FI_288,5,1,0,0,0,0,0,0,0,0,0,0
FI_290,5,0.790697674,0,0.162790698,0,0,0,0,0,0,0.046511628,0
FI_292,14,0.968421053,0,0.010526316,0,0,0,0,0,0,0.021052632,0
FI_294,14,0.92920354,0,0.07079646,0,0,0,0,0,0,0,0
FI_296,14,0.979591837,0,0,0,0,0,0,0,0,0.020408163,0
FI_298,14,1,0,0,0,0,0,0,0,0,0,0
FI_3,14,0.972222222,0,0,0,0,0,0,0,0,0.027777778,0
FI_300,14,0.953488372,0,0.023255814,0,0,0,0,0,0,0.023255814,0
FI_302,14,0.905882353,0,0.047058824,0,0,0,0,0,0,0.047058824,0
FI_304,14,0.942307692,0,0,0,0,0,0,0,0,0.057692308,0
FI_305,14,1,0,0,0,0,0,0,0,0,0,0
FI_306,14,1,0,0,0,0,0,0,0,0,0,0
FI_307,14,0.866666667,0,0.033333333,0,0,0,0,0,0,0.1,0
FI_308,14,0.954545455,0,0.045454545,0,0,0,0,0,0,0,0
FI_309,14,0.966666667,0,0.033333333,0,0,0,0,0,0,0,0
FI_310,14,0.95,0,0.05,0,0,0,0,0,0,0,0
FI_311,14,0.9,0,0.033333333,0,0,0,0,0,0,0.066666667,0
FI_312,14,0.8,0,0.033333333,0,0,0,0,0,0,0.166666667,0
FI_313,14,0.962962963,0,0.037037037,0,0,0,0,0,0,0,0
FI_314,14,0.909090909,0,0.060606061,0,0,0,0,0,0,0.03030303,0
FI_315,5,0.64,0,0.36,0,0,0,0,0,0,0,0
FI_316,5,0.916666667,0,0.083333333,0,0,0,0,0,0,0,0
FI_317,5,1,0,0,0,0,0,0,0,0,0,0
FI_318,5,1,0,0,0,0,0,0,0,0,0,0
FI_319,5,0.785714286,0,0,0,0,0,0,0,0,0.214285714,0
FI_320,5,0.947368421,0,0,0,0,0,0,0,0.052631579,0,0
FI_322,14,0.571428571,0,0,0,0,0,0,0,0.285714286,0.142857143,0
FI_323,14,0.833333333,0,0,0,0,0,0,0,0.055555556,0,0.111111111
FI_324,14,0.086956522,0,0.884057971,0,0,0,0,0,0.014492754,0,0.014492754
FI_325,5,1,0,0,0,0,0,0,0,0,0,0
FI_326,5,1,0,0,0,0,0,0,0,0,0,0
FI_327,5,1,0,0,0,0,0,0,0,0,0,0
FI_328,5,0.912280702,0,0.087719298,0,0,0,0,0,0,0,0
FI_329,5,1,0,0,0,0,0,0,0,0,0,0
FI_352,5,0.396226415,0,0.113207547,0,0,0,0.490566038,0,0,0,0
FI_353,5,0.735849057,0,0.075471698,0,0,0,0.188679245,0,0,0,0
FI_354,5,0.153846154,0,0.282051282,0,0,0,0.564102564,0,0,0,0
FI_355,5,0.318181818,0,0.045454545,0,0,0,0.636363636,0,0,0,0
FI_363,13,0.208333333,0,0.020833333,0,0,0,0.770833333,0,0,0,0
FI_364,13,0.714285714,0,0.238095238,0,0,0,0.047619048,0,0,0,0
FI_365,13,0.263803681,0,0.699386503,0,0,0,0.036809816,0,0,0,0
FI_5,5,0.322033898,0,0.152542373,0,0,0,0.525423729,0,0,0,0
FI_53,13,0.972222222,0,0,0,0,0,0.027777778,0,0,0,0
FI_544,14,0,0,0,0,0,0,0.95,0,0,0.05,0
FI_545,14,0,0,0.125,0,0,0,0.875,0,0,0,0
FI_547,14,0,0,0,0,0,0,1,0,0,0,0
FI_548,14,0.0625,0,0.25,0,0,0,0.6875,0,0,0,0
FI_549,14,0,0,0,0,0,0,1,0,0,0,0
FI_550,14,0,0,0.076923077,0,0,0,0.923076923,0,0,0,0
FI_551,14,0,0,0,0,0,0,1,0,0,0,0
FI_559,14,0,0,0,0,0,0,1,0,0,0,0
FI_561,5,0,0,0,0,0,0,1,0,0,0,0
FI_562,5,0,0,0,0,0,0,1,0,0,0,0
FI_563,14,0.05,0,0.05,0,0,0,0.9,0,0,0,0
FI_564,5,0,0,0.25,0,0,0,0.333333333,0,0,0,0.416666667
FI_565,14,0,0,0.105263158,0,0,0,0.894736842,0,0,0,0
FI_566,5,0,0,0,0,0,0,1,0,0,0,0
FI_7,14,0.224489796,0,0.775510204,0,0,0,0,0,0,0,0
GdDv0790,2,0.967532468,0,0.032467532,0,0,0,0,0,0,0,0
GdHr0790,2,0.821428571,0,0.178571429,0,0,0,0,0,0,0,0
GR010130002,7,1,0,0,0,0,0,0,0,0,0,0
GR010130003,7,0.019230769,0.442307692,0,0,0,0.538461538,0,0,0,0,0
GR010130013,7,1,0,0,0,0,0,0,0,0,0,0
GR010130019,7,1,0,0,0,0,0,0,0,0,0,0
GR010130028,8,0.014705882,0.205882353,0.602941176,0,0,0.176470588,0,0,0,0,0
GR040260011,7,1,0,0,0,0,0,0,0,0,0,0
GR040260015,7,0.965517241,0.034482759,0,0,0,0,0,0,0,0,0
GR040260016,7,0.884615385,0.115384615,0,0,0,0,0,0,0,0,0
GR040260022,7,0.092063492,0.796825397,0.003174603,0,0,0.107936508,0,0,0,0,0
GR040260023,7,0.067039106,0.346368715,0.273743017,0.067039106,0,0.162011173,0,0,0,0.083798883,0
GR040260025,7,1,0,0,0,0,0,0,0,0,0,0
GR040260026,7,1,0,0,0,0,0,0,0,0,0,0
GR040260029,7,1,0,0,0,0,0,0,0,0,0,0
GR040260030,7,0,0.188034188,0.52991453,0.017094017,0,0,0,0,0,0.264957265,0
GR040260031,7,0.1015625,0.8359375,0,0,0,0.0546875,0,0,0,0.0078125,0
GR040260033,7,1,0,0,0,0,0,0,0,0,0,0
GR040260034,7,1,0,0,0,0,0,0,0,0,0,0
GR040260039,7,1,0,0,0,0,0,0,0,0,0,0
GR040260046,7,1,0,0,0,0,0,0,0,0,0,0
GR040260049,7,0.49382716,0.308641975,0.067901235,0,0,0.12962963,0,0,0,0,0
GR040260051,7,0.814655172,0.13362069,0.012931034,0,0,0.038793103,0,0,0,0,0
GR040260054,7,0.244604317,0.712230216,0.007194245,0,0,0.035971223,0,0,0,0,0
GR040260057,7,1,0,0,0,0,0,0,0,0,0,0
GR040260058,7,0.5,0,0,0,0,0,0,0,0,0.5,0
GR040260060,7,0.233333333,0.766666667,0,0,0,0,0,0,0,0,0
GR040260061,7,0.031390135,0.322869955,0.408071749,0.02690583,0,0.013452915,0,0,0,0.197309417,0
GR050210003,7,1,0,0,0,0,0,0,0,0,0,0
GR050210005,7,0,0.854166667,0,0,0,0.145833333,0,0,0,0,0
GR050210012,7,0,0.660493827,0.179012346,0,0,0.160493827,0,0,0,0,0
GR050210014,7,0.9375,0.0625,0,0,0,0,0,0,0,0,0
GR050210015,7,0.8,0.2,0,0,0,0,0,0,0,0,0
GR050210016,7,0.9,0.1,0,0,0,0,0,0,0,0,0
GR050210019,7,1,0,0,0,0,0,0,0,0,0,0
GR050210021,7,0,0.358834244,0.194899818,0,0,0.446265938,0,0,0,0,0
GR050210024,7,0.024038462,0.189903846,0.125,0,0,0.661057692,0,0,0,0,0
GR050210033,7,0,0.964285714,0.035714286,0,0,0,0,0,0,0,0
GR050910002,7,1,0,0,0,0,0,0,0,0,0,0
GR050910007,7,0.476056338,0.495774648,0.025352113,0,0,0,0,0,0,0,0.002816901
GR050910008,7,0.321428571,0.5,0.035714286,0,0,0,0,0,0,0,0.142857143
GR050910010,7,0.975903614,0,0,0,0,0,0,0,0,0,0.024096386
GR050910012,7,0.747514911,0.248508946,0.003976143,0,0,0,0,0,0,0,0
GR090200003,7,0.413793103,0,0.586206897,0,0,0,0,0,0,0,0
IR12C030200,11,0.993055556,0,0,0,0,0,0,0,0,0,0.006944444
IR12D030200,11,0.184931507,0.075342466,0.602739726,0,0,0,0,0,0,0,0.136986301
IR12U010200,11,0.989361702,0,0,0,0,0,0,0,0,0,0.010638298
IR13D010350,11,0.724137931,0.022988506,0,0.011494253,0,0,0,0,0,0,0.24137931
IR15G010200,1,0.923664122,0.022900763,0,0,0,0,0,0,0,0,0.053435115
IR15N020100,11,0.96875,0,0,0,0,0,0,0,0,0,0.03125
IR16A020600,1,0.971014493,0.02173913,0,0,0,0,0,0,0,0,0.007246377
IR16N010100,11,0.9669967,0,0,0,0,0,0,0,0,0,0.0330033
IR17C010250,1,0.966292135,0,0,0.011235955,0,0,0,0,0,0,0.02247191
IR19L030100,11,0.842105263,0,0,0,0,0,0,0,0.052631579,0,0.105263158
IR19M010600,11,0.947089947,0.026455026,0,0,0,0,0,0,0,0,0.026455026
IR22F020300,1,0.934579439,0,0,0,0,0,0,0,0,0,0.065420561
IR22M010700,1,0.619318182,0,0.028409091,0.051136364,0,0,0,0,0,0,0.301136364
IR22O030400,11,0.608695652,0,0.173913043,0,0,0,0,0,0,0,0.217391304
IR22S010100,1,0.948497854,0,0,0,0,0,0,0,0,0,0.051502146
IR23F010500,11,0.79389313,0,0.160305344,0,0,0,0,0,0,0,0.045801527
IR23S020700,11,0.86407767,0,0.097087379,0,0,0,0,0,0,0,0.038834951
IR25B100100,11,0.902325581,0.060465116,0.004651163,0,0,0,0,0,0,0,0.03255814
IR25G040025,11,0.97752809,0,0,0,0,0,0,0,0,0,0.02247191
IR25G210010,11,1,0,0,0,0,0,0,0,0,0,0
IR25L010200,13,0.355932203,0.016949153,0.576271186,0,0,0,0,0,0,0,0.050847458
IR25S020700,13,0.914893617,0.085106383,0,0,0,0,0,0,0,0,0
IR26M020500,1,0.852941176,0.073529412,0,0,0,0,0,0,0,0,0.073529412
IR26S020500,15,0.079470199,0.059602649,0,0,0,0,0,0,0.033112583,0,0.82781457
IR26S070300,1,0.004694836,0.018779343,0.112676056,0,0,0,0,0,0.056338028,0,0.807511737
IR26S071100,13,0.003372681,0.114671164,0.038785835,0,0,0,0,0,0.015177066,0,0.827993255
IR27G020600,11,0.574850299,0.005988024,0,0,0,0,0,0,0,0,0.419161677
IR32B030100,11,1,0,0,0,0,0,0,0,0,0,0
IR32G030100,11,0.961538462,0,0,0,0,0,0,0,0,0,0.038461538
IR33B010100,11,0.955932203,0,0,0,0,0,0,0,0,0,0.044067797
IR33G010100,13,0.876623377,0,0,0.025974026,0,0,0,0,0,0,0.097402597
IR34B080400,11,0.988505747,0,0,0,0,0,0,0,0,0,0.011494253
IR34C050030,13,0.97826087,0,0,0,0,0,0,0,0,0,0.02173913
IR34M020050,11,0.979651163,0,0,0,0,0,0,0,0,0,0.020348837
IR36A021400,11,0.022690438,0.142625608,0,0,0,0,0,0,0.012965964,0,0.82171799
IR36D020150,15,0.088888889,0.011111111,0,0,0,0,0,0,0.011111111,0,0.888888889
IR36S010300,15,0.943181818,0,0,0,0,0,0,0,0,0,0.056818182
IR36W030700,15,0.784,0,0.12,0,0,0,0,0,0,0,0.096
IR38C060100,15,1,0,0,0,0,0,0,0,0,0,0
IR39G050100,15,1,0,0,0,0,0,0,0,0,0,0
IR39S020050,15,0.962962963,0,0,0,0,0,0,0,0,0,0.037037037
IRCFB023,15,0.9,0,0.1,0,0,0,0,0,0,0,0
IRCFB024,15,0.826086957,0,0.173913043,0,0,0,0,0,0,0,0
IRCFB027,15,0.9,0,0,0,0,0,0,0,0,0,0.1
IRCFB028,15,0.6,0,0.4,0,0,0,0,0,0,0,0
IRCFB029,15,0.210526316,0,0,0,0,0,0,0,0,0,0.789473684
IRCFB033,15,1,0,0,0,0,0,0,0,0,0,0
IRCFB035,15,0.852941176,0,0.132352941,0,0,0,0,0,0,0,0.014705882
IRCFB037,15,0.955555556,0,0.044444444,0,0,0,0,0,0,0,0
IRCFB044,11,0.95398773,0,0,0,0,0,0,0,0,0,0.04601227
IRCFB046,11,0.995495495,0,0,0,0,0,0,0,0,0,0.004504505
IRCFB048,11,0.86,0,0.08,0,0,0,0,0,0,0,0.06
IRCFB049,11,0.985714286,0,0,0,0,0,0,0,0,0,0.014285714
IRCFB050,11,0.994974874,0,0,0,0,0,0,0,0,0,0.005025126
IRCFB051,11,1,0,0,0,0,0,0,0,0,0,0
IRCFB053,11,1,0,0,0,0,0,0,0,0,0,0
IRCFB064,11,0.848484848,0,0,0,0,0,0,0,0,0,0.151515152
IRCFB065,1,0.685714286,0.142857143,0,0,0,0,0,0,0.028571429,0,0.142857143
IRCFB067,11,0.924242424,0,0,0,0,0,0,0,0,0,0.075757576
IRCFB075,11,0.683673469,0,0.030612245,0,0,0,0,0,0,0,0.285714286
IRCFB076,11,0.942857143,0,0,0,0,0,0,0,0,0,0.057142857
IRCFB079,11,1,0,0,0,0,0,0,0,0,0,0
IRCFB080,11,0.967213115,0,0,0,0,0,0,0,0,0,0.032786885
IRCFB081,11,0.964566929,0,0,0,0,0,0,0,0,0,0.035433071
IRCFB082,1,0.978290366,0,0,0,0,0,0,0,0,0,0.021709634
IRCFB083,1,0.973333333,0,0,0,0,0,0,0,0,0,0.026666667
IRCFB085,11,0.941860465,0,0,0,0,0,0,0,0,0,0.058139535
IRCFB086,11,0.945454545,0,0,0,0,0,0,0,0,0,0.054545455
IRCFB094,11,0.919254658,0.01242236,0,0,0,0,0,0,0,0,0.068322981
IRCFB097,1,0.947368421,0.018796992,0,0,0,0,0,0,0,0,0.033834586
IRCFB098,11,0.825714286,0.105714286,0.002857143,0,0,0,0,0,0,0,0.065714286
IRCFB099,1,0.806930693,0.024752475,0,0,0,0,0,0,0,0,0.168316832
IRCFB104,11,0.861111111,0,0,0,0,0,0,0,0,0,0.138888889
IRCFB108,1,0.897233202,0.007905138,0,0,0,0,0,0,0.011857708,0,0.083003953
IRCFB109,11,0.788732394,0,0,0,0,0,0,0,0,0,0.211267606
IRCFB117,13,0.4,0.25,0,0,0,0,0,0,0.05,0,0.3
IRCFB132,11,0.927272727,0.072727273,0,0,0,0,0,0,0,0,0
IRCFB134,11,1,0,0,0,0,0,0,0,0,0,0
IRCFB135,11,1,0,0,0,0,0,0,0,0,0,0
IRCFB136,11,0.976744186,0,0,0,0,0,0,0,0,0,0.023255814
IRCFB137,11,1,0,0,0,0,0,0,0,0,0,0
IRCFB138,11,1,0,0,0,0,0,0,0,0,0,0
IRCFB139,11,1,0,0,0,0,0,0,0,0,0,0
IRCFB140,11,1,0,0,0,0,0,0,0,0,0,0
IRCFB142,11,1,0,0,0,0,0,0,0,0,0,0
IRCFB143,11,0,0,1,0,0,0,0,0,0,0,0
IRCFB144,11,0.888888889,0.066666667,0.044444444,0,0,0,0,0,0,0,0
IRCFB147,11,1,0,0,0,0,0,0,0,0,0,0
IRCFB148,11,0.976190476,0,0,0,0,0,0,0,0,0,0.023809524
IRCFB149,11,1,0,0,0,0,0,0,0,0,0,0
IRCFB150,11,1,0,0,0,0,0,0,0,0,0,0
IRCFB151,11,1,0,0,0,0,0,0,0,0,0,0
IRCFB152,11,1,0,0,0,0,0,0,0,0,0,0
IRCFB153,11,0.974025974,0.025974026,0,0,0,0,0,0,0,0,0
IRCFB154,11,0.892857143,0.071428571,0.035714286,0,0,0,0,0,0,0,0
IRCFB158,11,0.572139303,0.099502488,0.328358209,0,0,0,0,0,0,0,0
IRCFB159,11,1,0,0,0,0,0,0,0,0,0,0
IRCFB160,11,1,0,0,0,0,0,0,0,0,0,0
IRCFB163,11,0.869565217,0.02173913,0.108695652,0,0,0,0,0,0,0,0
IRCFB168,11,0.68,0,0.32,0,0,0,0,0,0,0,0
IRCFB169,11,0.863636364,0.009090909,0.109090909,0,0,0,0,0,0,0,0.018181818
IRCFB170,11,1,0,0,0,0,0,0,0,0,0,0
IRCFB171,11,0.928571429,0,0,0,0,0,0,0,0,0,0.071428571
IRCFB172,11,0.764705882,0,0,0,0,0,0,0,0,0,0.235294118
IRCFB173,11,0.818181818,0.015151515,0.151515152,0,0,0,0,0,0,0,0.015151515
IRCFB174,11,0.842105263,0.052631579,0.070175439,0,0,0,0,0,0,0,0.035087719
IRCFB176,11,0.993243243,0,0.006756757,0,0,0,0,0,0,0,0
IRCFB177,11,0.976,0,0.024,0,0,0,0,0,0,0,0
IRCFB178,11,0.994652406,0,0.005347594,0,0,0,0,0,0,0,0
IRCFB179,11,0.988372093,0,0,0,0,0,0,0,0,0,0.011627907
IRCFB186,11,1,0,0,0,0,0,0,0,0,0,0
IRCFB187,11,0.714285714,0,0,0,0,0,0,0,0,0,0.285714286
IRCFB188,11,0.828571429,0,0.142857143,0,0,0,0,0,0,0,0.028571429
IRCFB189,11,0.982758621,0,0,0,0,0,0,0,0,0,0.017241379
IRCFB192,11,0.95049505,0,0,0,0,0,0,0,0,0,0.04950495
IRCFB195,11,0.852173913,0.095652174,0.008695652,0,0,0,0,0,0,0,0.043478261
IRCFB202,11,0.836065574,0.040983607,0.12295082,0,0,0,0,0,0,0,0
IRCFB203,11,0.626436782,0.028735632,0.293103448,0,0,0,0,0,0,0,0.051724138
IRCFB205,11,1,0,0,0,0,0,0,0,0,0,0
IRCFB206,11,1,0,0,0,0,0,0,0,0,0,0
IRCFB208,11,0.918699187,0,0.024390244,0,0,0,0,0,0.008130081,0,0.048780488
IRCFB209,11,1,0,0,0,0,0,0,0,0,0,0
IRCFB210,11,0.985507246,0,0,0,0,0,0,0,0,0,0.014492754
IRCFB211,11,1,0,0,0,0,0,0,0,0,0,0
IRCFB212,11,0.971590909,0,0.017045455,0,0,0,0,0,0,0,0.011363636
IRCFB213,11,1,0,0,0,0,0,0,0,0,0,0
IRCFB214,11,0.986666667,0,0,0,0,0,0,0,0,0,0.013333333
IRCFB215,11,1,0,0,0,0,0,0,0,0,0,0
IRCFB216,11,1,0,0,0,0,0,0,0,0,0,0
IRCFB218,11,0.84,0.013333333,0.146666667,0,0,0,0,0,0,0,0
IRCFB219,11,1,0,0,0,0,0,0,0,0,0,0
IRCFB220,11,1,0,0,0,0,0,0,0,0,0,0
IRCFB221,11,0.98245614,0.01754386,0,0,0,0,0,0,0,0,0
IRCFB222,11,1,0,0,0,0,0,0,0,0,0,0
IRCFB223,11,1,0,0,0,0,0,0,0,0,0,0
IRCFB251,11,0.977777778,0,0,0,0,0,0,0,0,0,0.022222222
IRCFB252,11,1,0,0,0,0,0,0,0,0,0,0
IRCFB253,11,0.928870293,0,0,0,0,0,0,0,0,0,0.071129707
IRCFB254,11,0.860465116,0,0,0,0,0,0,0,0,0,0.139534884
IRCFB276,11,0.957746479,0,0,0,0,0,0,0,0,0,0.042253521
IRCFB277,11,1,0,0,0,0,0,0,0,0,0,0
IRCFB278,11,1,0,0,0,0,0,0,0,0,0,0
IRCFB279,11,1,0,0,0,0,0,0,0,0,0,0
IRCFB280,11,1,0,0,0,0,0,0,0,0,0,0
IRCFB281,11,1,0,0,0,0,0,0,0,0,0,0
IRCFB283,11,0.97810219,0,0,0,0,0,0,0,0,0,0.02189781
IRCFB285,11,0.771929825,0.105263158,0.070175439,0,0,0,0,0,0.01754386,0,0.035087719
IRCFB287,13,0.945945946,0,0,0,0,0,0,0,0,0,0.054054054
IRCFB288,11,0.98630137,0,0,0,0,0,0,0,0,0,0.01369863
IRCFB289,11,0.869047619,0,0,0,0,0,0,0,0,0,0.130952381
IRCFB290,11,0.975609756,0,0,0,0,0,0,0,0,0,0.024390244
IRCFB291,11,0.803571429,0.035714286,0,0,0,0,0,0,0,0,0.160714286
IRCFB292,1,0.923076923,0,0,0,0,0,0,0,0,0,0.076923077
IRCFB293,11,0.714285714,0,0.19047619,0,0,0,0,0,0,0,0.095238095
IRCFB294,11,1,0,0,0,0,0,0,0,0,0,0
IRCFB295,11,1,0,0,0,0,0,0,0,0,0,0
IRCFB297,11,0.955882353,0,0,0,0,0,0,0,0.029411765,0,0.014705882
IRCFB298,11,0.981132075,0,0,0,0,0,0,0,0,0,0.018867925
IRCFB299,11,0.984375,0,0,0,0,0,0,0,0,0,0.015625
IRCFB300,11,1,0,0,0,0,0,0,0,0,0,0
IRCFB301,11,0.964285714,0,0,0,0,0,0,0,0,0,0.035714286
IRCFB302,11,0.973684211,0,0,0,0,0,0,0,0,0,0.026315789
IRCFB303,11,0.965517241,0,0,0,0,0,0,0,0,0,0.034482759
IRCFB304,11,0.8,0,0,0,0,0,0,0,0,0,0.2
IRCFB305,11,0.8,0,0,0,0,0,0,0,0.1,0,0.1
IRCFB320,16,0.947368421,0,0,0,0,0,0,0,0,0,0.052631579
IRCFB321,15,1,0,0,0,0,0,0,0,0,0,0
IRCFB323,15,0.786666667,0,0,0,0,0,0,0,0,0,0.213333333
IRUCC001,11,0.981308411,0,0,0,0,0,0,0,0,0,0.018691589
IRUCC002,11,0.958333333,0,0,0,0,0,0,0,0,0,0.041666667
IRUCC003,11,1,0,0,0,0,0,0,0,0,0,0
IRUCC004,11,0.935483871,0,0,0,0,0,0,0,0,0,0.064516129
IRUCC005,11,0.933333333,0,0,0,0,0,0,0,0,0,0.066666667
IRUCC006,11,0.960784314,0,0,0,0,0,0,0,0,0,0.039215686
IRUCC007,11,0.92,0,0,0,0,0,0,0,0,0,0.08
IRUCC008,11,0.957446809,0,0,0,0,0,0,0,0,0,0.042553191
IRUCC009,11,1,0,0,0,0,0,0,0,0,0,0
IRUCC010,11,0.971014493,0,0,0,0,0,0,0,0,0,0.028985507
IRUCC011,11,0.972972973,0,0,0,0,0,0,0,0,0,0.027027027
IRUCC012,11,0.969230769,0,0,0,0,0,0,0,0,0,0.030769231
IRUCC013,11,0.959183673,0,0,0,0,0,0,0,0,0,0.040816327
IRUCC014,11,0.961538462,0,0,0,0,0,0,0,0,0,0.038461538
IRUCC015,11,0.978494624,0,0,0,0,0,0,0,0,0,0.021505376
IRUCC031,11,0.96,0,0,0,0,0,0,0,0,0,0.04
IRUCC032,11,1,0,0,0,0,0,0,0,0,0,0
IRUCC033,11,0.545454545,0.151515152,0,0,0,0,0,0,0,0,0.303030303
IRUCC034,11,0.958333333,0.041666667,0,0,0,0,0,0,0,0,0
IRUCC035,11,0.666666667,0,0,0,0,0,0,0,0,0,0.333333333
IRUCC036,11,0.957446809,0,0,0,0,0,0,0,0,0,0.042553191
IRUCC039,11,0.9375,0,0,0,0,0,0,0,0,0,0.0625
IRUCC040,11,1,0,0,0,0,0,0,0,0,0,0
IRUCC044,11,0.925925926,0.074074074,0,0,0,0,0,0,0,0,0
IRUCC048,11,0.777777778,0.111111111,0,0,0,0,0,0,0,0,0.111111111
IRUCC050,11,0.423357664,0.01459854,0.01459854,0,0,0,0,0,0,0,0.547445255
IRUCC051,11,0.975609756,0,0,0,0,0,0,0,0,0,0.024390244
IRUCC052,11,1,0,0,0,0,0,0,0,0,0,0
IRUCC054,11,1,0,0,0,0,0,0,0,0,0,0
IRUCC055,11,1,0,0,0,0,0,0,0,0,0,0
IRUCC058,11,0.939393939,0,0,0,0,0,0,0,0,0,0.060606061
IRUCC060,11,0.978947368,0.021052632,0,0,0,0,0,0,0,0,0
IRUCC061,11,0.64,0.333333333,0,0,0,0,0,0,0,0,0.026666667
IRUCC062,11,0.6625,0.3125,0,0,0,0,0,0,0,0,0.025
IRUCC068,1,0.285714286,0.714285714,0,0,0,0,0,0,0,0,0
IRUCD054,11,1,0,0,0,0,0,0,0,0,0,0
IRUCD056,11,1,0,0,0,0,0,0,0,0,0,0
IRUCD058,11,0.784313725,0,0,0,0,0,0,0,0,0,0.215686275
IRUCD059,11,0.913793103,0,0.051724138,0,0,0,0,0,0,0,0.034482759
IRUCD063,11,0.866666667,0.133333333,0,0,0,0,0,0,0,0,0
IRUCD064,11,1,0,0,0,0,0,0,0,0,0,0
IRUCD066,11,0.948717949,0,0,0,0,0,0,0,0,0,0.051282051
IRUCD068,11,0.838709677,0.161290323,0,0,0,0,0,0,0,0,0
IRUCD069,11,0.898305085,0.016949153,0,0,0,0,0,0,0,0,0.084745763
IRUCD070,11,0.64516129,0,0.35483871,0,0,0,0,0,0,0,0
IRUCD071,11,0.987341772,0,0,0,0,0,0,0,0,0,0.012658228
IRUCD072,11,0.941176471,0.035294118,0,0,0,0,0,0,0,0,0.023529412
IRUCD073,11,0.75,0,0,0,0,0,0,0,0,0,0.25
IRUCD074,11,0.882352941,0,0,0,0,0,0,0,0,0,0.117647059
IRUCD075,11,0.833333333,0.1,0.066666667,0,0,0,0,0,0,0,0
IRUCD076,11,0.910714286,0,0,0,0,0,0,0,0,0,0.089285714
IRUCD077,11,0.975,0,0,0,0,0,0,0,0,0,0.025
LBPv0706,2,0.989361702,0,0.010638298,0,0,0,0,0,0,0,0
LoRu1006,2,1,0,0,0,0,0,0,0,0,0,0
LTDU0007,6,0,0,0.056179775,0,0,0,0,0,0.314606742,0,0.629213483
LTDU0008,6,0.03601108,0.127423823,0.814404432,0,0,0,0,0,0,0,0.022160665
LTJUAK03,6,0.101818182,0.385454545,0.494545455,0,0,0,0,0,0,0,0.018181818
LTME0001,6,0.309210526,0.203947368,0.480263158,0,0,0,0,0,0,0,0.006578947
LTME0009,6,0.231707317,0.097560976,0.341463415,0,0,0,0,0,0,0,0.329268293
LTMEAM02,6,0.703225806,0.025806452,0.251612903,0,0,0,0,0,0.006451613,0,0.012903226
LTMEDE04,6,0.75,0.15625,0,0,0,0,0,0,0,0,0.09375
LTMESK01,6,0.510638298,0,0.489361702,0,0,0,0,0,0,0,0
LTMEUL02,6,0.431818182,0,0.545454545,0,0,0,0,0,0,0,0.022727273
LTMEVI03,6,0.342105263,0,0,0,0,0,0,0,0.026315789,0,0.631578947
LTNEAL01,6,0.049382716,0.156378601,0.794238683,0,0,0,0,0,0,0,0
LTNEJS01,6,0.25,0.305555556,0.055555556,0,0,0,0,0,0,0,0.388888889
LTNELA01,6,0.9125,0,0.075,0,0,0,0,0,0.0125,0,0
LTNESR01,6,0.267241379,0.474137931,0.120689655,0,0,0,0,0,0,0,0.137931034
LTNESV01,6,0.060606061,0.242424242,0.666666667,0,0,0,0,0,0.03030303,0,0
LTNEVS01,6,0.967741935,0,0,0,0,0,0,0,0.032258065,0,0
LTNEVS02,6,0.95,0,0,0,0,0,0,0,0.033333333,0.016666667,0
LTNR0007,6,0.035175879,0.168341709,0.221105528,0.010050251,0,0,0,0,0.052763819,0,0.512562814
LTNRKE02,6,0.782608696,0.065217391,0.065217391,0,0,0,0,0,0.02173913,0,0.065217391
LTNRKE03,6,0.722222222,0.111111111,0.092592593,0,0,0,0,0,0,0,0.074074074
LTNRNE01,6,0.634146341,0.109756098,0.231707317,0,0,0,0,0,0,0,0.024390244
LTNRZI01,6,0.035820896,0.892537313,0.068656716,0,0,0,0,0,0,0,0.002985075
LTSEJO01,6,0.028571429,0.414285714,0.071428571,0.014285714,0,0.014285714,0,0,0,0,0.457142857
LTSV0007,6,0.70984456,0.062176166,0.088082902,0,0,0,0,0,0.015544041,0,0.124352332
LTSV0011,6,0.253968254,0.358730159,0.155555556,0,0,0,0,0,0.038095238,0,0.193650794
LTSV0017,6,0.095238095,0,0.19047619,0,0,0,0,0,0.357142857,0.023809524,0.333333333
LTSVNE01,6,0.277777778,0.111111111,0.583333333,0,0,0,0,0,0.027777778,0,0
LTSVSE02,6,0.58974359,0.128205128,0.282051282,0,0,0,0,0,0,0,0
LTSVSE04,6,0.352019289,0.063893912,0.497287523,0,0,0,0,0,0.014466546,0,0.072332731
LTSVSE06,6,0.298122066,0.169014085,0.481220657,0,0,0,0,0,0.011737089,0,0.039906103
LTSVSI07,6,0.305882353,0.058823529,0.188235294,0,0,0,0,0,0,0,0.447058824
LTSVSI09,6,0.333333333,0.106666667,0.413333333,0,0,0,0,0,0.08,0,0.066666667
LTSVSI10,6,0.084832905,0.167095116,0.146529563,0.005141388,0,0,0,0,0.519280206,0,0.077120823
LTSVST02,6,0.590909091,0.045454545,0.340909091,0,0,0,0,0,0,0,0.022727273
LTSVVR06,6,0.331010453,0.104529617,0.56097561,0,0,0,0,0,0,0,0.003484321
LTVELU03,6,0.252747253,0.142857143,0.582417582,0,0,0,0,0,0.021978022,0,0
LTVESE01,6,0.357142857,0.558441558,0.025974026,0,0,0,0,0,0.032467532,0,0.025974026
LTVEVR05,6,0.1640625,0.3828125,0.203125,0,0,0,0,0,0.0078125,0,0.2421875
LTZE0001,6,0.094444444,0.15,0.266666667,0,0,0,0,0,0.005555556,0,0.483333333
LTZE0004,6,0.230188679,0.049056604,0.2,0,0,0,0,0,0,0,0.520754717
LTZE0005,6,0.522580645,0.2,0.109677419,0,0,0,0,0,0.012903226,0.006451613,0.148387097
LTZE0006,6,0.175944334,0.137176938,0.388667992,0,0,0.000994036,0,0,0.001988072,0,0.295228628
LTZE0008,6,0.39047619,0.066666667,0.180952381,0,0,0,0,0,0.00952381,0,0.352380952
LTZEBU01,6,0.273381295,0.122302158,0.172661871,0,0,0,0,0,0.09352518,0.007194245,0.330935252
LTZEME04,6,0.645454545,0,0.354545455,0,0,0,0,0,0,0,0
LTZEME06,6,0.762376238,0.00990099,0.227722772,0,0,0,0,0,0,0,0
LTZEPE01,6,0.281818182,0.045454545,0.672727273,0,0,0,0,0,0,0,0
LTZESA01,6,0.468253968,0.142857143,0.380952381,0,0,0,0,0,0.007936508,0,0
LUX_RC4_1,3,0.34124527,0.280701754,0.378052976,0,0,0,0,0,0,0,0
LUX_RC4_13,1,0.489164087,0.287925697,0.222910217,0,0,0,0,0,0,0,0
LUX_RC4_5,3,0.824561404,0.073099415,0.102339181,0,0,0,0,0,0,0,0
LUX_RC4_7,1,0.510853835,0.251808973,0.237337192,0,0,0,0,0,0,0,0
LUX_RC4_9,3,0.429857464,0.126781695,0.438109527,0,0,0,0,0,0.002250563,0,0.00300075
MiMg1007,3,1,0,0,0,0,0,0,0,0,0,0
MzCr0507,2,1,0,0,0,0,0,0,0,0,0,0
NI0063,16,1,0,0,0,0,0,0,0,0,0,0
NI0064,16,1,0,0,0,0,0,0,0,0,0,0
NO01,5,1,0,0,0,0,0,0,0,0,0,0
NO02,5,1,0,0,0,0,0,0,0,0,0,0
NO03,5,1,0,0,0,0,0,0,0,0,0,0
NO04,5,1,0,0,0,0,0,0,0,0,0,0
P0010051/04,9,0.032786885,0.229508197,0,0,0,0,0,0.467213115,0,0,0.270491803
P0010201/05,9,0.653061224,0.183673469,0,0,0,0,0,0.163265306,0,0,0
P0020051/04,9,0.538461538,0.461538462,0,0,0,0,0,0,0,0,0
P0020301/05,9,0.368421053,0.368421053,0,0,0,0,0,0.263157895,0,0,0
P0030071/04,9,0.113636364,0,0,0,0,0,0,0.840909091,0,0,0.045454545
P0030441/05,9,0.580882353,0.220588235,0,0,0,0,0,0.051470588,0.147058824,0,0
P0030801/05,9,0,0.276315789,0,0,0,0,0,0.723684211,0,0,0
P0030851/05,9,0,0.495840266,0,0,0,0,0,0.058236273,0.354409318,0,0.091514143
P0030881/05,8,0.306122449,0.076530612,0,0,0,0,0,0.295918367,0.321428571,0,0
P0040141/04,9,0.450980392,0,0,0,0,0,0,0,0,0,0.549019608
P0040291/04,9,0.007407407,0,0,0,0,0.02962963,0,0.214814815,0,0,0.748148148
P0050101/04,10,0,0,0,0,0,0,0,0,0.934782609,0,0.065217391
P0060081/04,10,0,0,0,0,0,0,0,0.016129032,0.822580645,0,0.161290323
P0060121/04,8,0,0,0,0,0,0,0,0.046153846,0.784615385,0,0.169230769
P0070021/04,10,0,0.022727273,0,0,0,0,0,0.068181818,0.545454545,0.204545455,0.159090909
P0070031/04,10,0,0,0,0,0,0,0,0.072289157,0.686746988,0.168674699,0.072289157
P0070071/04,10,0,0,0,0,0,0,0,0,0.494949495,0.383838384,0.121212121
P0070131/04,10,0,0.246073298,0,0,0,0,0,0.005235602,0.638743455,0.104712042,0.005235602
P0070141/04,10,0,0,0,0,0,0,0,0.11627907,0.88372093,0,0
P0070151/05,10,0,0,0,0,0,0,0,0.049180328,0.852459016,0,0.098360656
P0070161/05,10,0,0,0,0,0,0,0.171875,0.046875,0.609375,0.015625,0.15625
P0070171/05,10,0,0,0,0,0,0,0,0,0.947368421,0,0.052631579
P0070341/05,10,0,0.041237113,0,0,0,0,0,0.004123711,0.878350515,0.039175258,0.037113402
P0080081/04,10,0,0,0.962025316,0,0,0,0,0,0,0,0.037974684
P0080091/04,10,0,0,0.958333333,0,0,0,0,0,0,0,0.041666667
P0080101/04,10,0,0,0.951219512,0,0,0,0,0,0,0,0.048780488
PanV0906,2,0.72,0.274285714,0.005714286,0,0,0,0,0,0,0,0
PL_M01BTARNO,1,0.058510638,0.388297872,0.553191489,0,0,0,0,0,0,0,0
PL_M02BRANPOWZ,3,0,0.957943925,0,0,0,0,0,0,0.004672897,0,0.037383178
PL_M03BLAD,2,1,0,0,0,0,0,0,0,0,0,0
PL_M04BRDPL,3,0,0.031602709,0,0,0,0,0,0,0.031602709,0.002257336,0.934537246
PL_M04GRAJSZCZ,2,1,0,0,0,0,0,0,0,0,0,0
PL_M04HUCZGROD,13,0,0.066666667,0.033333333,0.088888889,0,0.005555556,0,0.005555556,0.15,0,0.65
PL_M04MLUNuj,2,1,0,0,0,0,0,0,0,0,0,0
PL_M04PISARYGA,3,0.048087432,0.158469945,0.333333333,0,0,0,0,0,0.007650273,0,0.452459016
PL_M04PROSWYSZ,3,0.098837209,0.244186047,0.023255814,0.002906977,0,0,0,0,0.00872093,0.002906977,0.619186047
PL_M04STOBGODO,1,0.258373206,0.301435407,0.358851675,0,0,0,0,0,0,0,0.081339713
PL_M04WISMA,3,0.047297297,0.533783784,0.405405405,0,0,0,0,0,0,0,0.013513514
PL_M05BIEBBURU,13,0,0.018276762,0,0.002610966,0,0.052219321,0,0,0.08616188,0.015665796,0.825065274
PL_M05CHOCCHOC,3,0.238938053,0.123893805,0.017699115,0,0,0,0,0,0.008849558,0,0.610619469
PL_M05UHERKARU,1,0,0.31547619,0.029761905,0.05952381,0,0.035714286,0,0,0.041666667,0,0.517857143
PL_M05WISGA,3,0.131355932,0.618644068,0.25,0,0,0,0,0,0,0,0
PL_M06CZESP,3,0.175438596,0.070175439,0.105263158,0,0,0,0,0,0,0,0.649122807
PL_M06KRNOJANK,3,0.107692308,0.384615385,0.046153846,0,0,0,0,0,0.153846154,0.092307692,0.215384615
PL_M06LOSOWITO,1,0.121518987,0.306329114,0.564556962,0,0,0,0,0,0,0,0.007594937
PL_M06LUBACZ,13,0.032258065,0.282258065,0.177419355,0,0,0,0,0,0.112903226,0,0.39516129
PL_M06SZUMSZOS,3,0.744444444,0.1,0.011111111,0,0,0,0,0,0.055555556,0.022222222,0.066666667
PL_M07GOLDBOCW,6,0.127272727,0.618181818,0.236363636,0,0,0,0,0,0,0,0.018181818
PL_M07LUBAME,3,0.206896552,0.24137931,0.275862069,0.034482759,0,0,0,0,0.086206897,0,0.155172414
PL_M07PARKA,13,0.011152416,0.018587361,0.096654275,0,0,0,0,0,0.037174721,0.022304833,0.814126394
PL_M07PISAPTAK,13,0,0.034632035,0.012987013,0.004329004,0,0.008658009,0,0,0.017316017,0,0.922077922
PL_M07PROPRA,3,0,0.891891892,0,0,0,0,0,0,0.054054054,0.054054054,0
PL_M08DDALKALU,3,0,1,0,0,0,0,0,0,0,0,0
PL_M08DRWBL,3,0.138392857,0.066964286,0.785714286,0,0,0,0,0,0.008928571,0,0
PL_M08GOLDJarka,6,0,0.189189189,0.027027027,0,0,0,0,0,0.310810811,0,0.472972973
PL_M08LESNATOP,3,0,0,0,0,0,0,0,0,0.8125,0.03125,0.15625
PL_M08PALULASK,13,0.214285714,0.671428571,0.014285714,0,0,0,0,0,0.042857143,0,0.057142857
PL_M08PIEKIEuj,3,0.325301205,0.5,0.174698795,0,0,0,0,0,0,0,0
PL_M09DOSJOZ,3,0.051724138,0.74137931,0.086206897,0,0,0,0,0,0,0,0.120689655
PL_M09GRAWI,3,0.94,0,0,0,0,0,0,0,0.06,0,0
PL_M09KAMISZKLA,2,1,0,0,0,0,0,0,0,0,0,0
PL_M09KAMIZAWA,1,0.088358209,0.486567164,0.425074627,0,0,0,0,0,0,0,0
PL_M09NETURO,6,0,0,0,0,0,0,0,0,0.05,0,0.95
PL_M09WDAPOHU,3,0,0.177570093,0,0,0,0,0.280373832,0,0,0,0.542056075
PL_M09WEGORudz,6,0.216901408,0.112676056,0.194366197,0,0,0,0,0,0.092957746,0,0.383098592
PL_M09WISRU,1,0.108910891,0.465346535,0.425742574,0,0,0,0,0,0,0,0
PL_M10IWITO,1,0.045918367,0.306122449,0.647959184,0,0,0,0,0,0,0,0
PL_M10JAWOISKA,3,0.069609508,0.285229202,0.64516129,0,0,0,0,0,0,0,0
PL_M10KONKRZ,3,0,0.000998004,0.001996008,0.00499002,0,0,0,0.000998004,0.006986028,0,0.984031936
PL_M10LUBI,3,0.523178808,0.238410596,0.205298013,0,0,0,0,0,0.026490066,0.006622517,0
PL_M10SANTA,2,0.277777778,0.133333333,0.548148148,0,0,0,0,0,0,0,0.040740741
PL_M10WLODJUPO,2,1,0,0,0,0,0,0,0,0,0,0
PL_M11KAMKA,3,0.049079755,0.576687117,0.36196319,0,0,0,0,0,0,0,0.012269939
PL_M11KREPSOSZ,3,1,0,0,0,0,0,0,0,0,0,0
PL_M11OLESNICA,1,0,0.83125,0.0953125,0,0,0,0,0,0,0,0.0734375
PL_M11PARSBARD,13,0.013888889,0.069444444,0.111111111,0,0,0,0,0,0.145833333,0.076388889,0.583333333
PL_M11PIET,6,0,0.168,0.008,0,0,0,0,0,0.12,0,0.704
PL_M11SANOBU,1,0.121387283,0.196531792,0.682080925,0,0,0,0,0,0,0,0
PL_M11SWANT,3,0.121107266,0.332179931,0.107266436,0,0,0,0,0.003460208,0.134948097,0.003460208,0.297577855
PL_M11WARBISK,3,0.056379822,0.106824926,0.112759644,0,0.014836795,0.002967359,0,0.005934718,0.020771513,0.014836795,0.664688427
PL_M11WKRARa,13,0,0.009345794,0,0,0,0.009345794,0,0,0.242990654,0.018691589,0.719626168
PL_M12PLOSKAuj,6,0.086666667,0.433333333,0.266666667,0,0,0,0,0,0,0,0.213333333
PL_M12RZALO,13,0,0.005339436,0.007627765,0.000762777,0,0.040427155,0,0.000762777,0.044241037,0.00228833,0.898550725
PL_M12SAJNA,3,0,0.293333333,0.066666667,0,0,0,0,0,0,0,0.64
PL_M12SOLMA,2,0.355633803,0.014084507,0.623239437,0,0,0,0,0,0,0,0.007042254
PL_M12WARTAKAM,1,0.079674797,0.043902439,0.048780488,0,0,0.009756098,0,0.001626016,0.058536585,0.001626016,0.756097561
PL_M12WKRAS,3,0.048262548,0.191119691,0.115830116,0.027027027,0,0.003861004,0,0,0.216216216,0.005791506,0.391891892
PL_M13BYSBO,1,0.327272727,0.054545455,0.545454545,0,0,0,0,0,0,0,0.072727273
PL_M13DRWESAMB,13,0,0,0.04,0,0,0.033333333,0,0,0.013333333,0,0.913333333
PL_M13KACGO,6,1,0,0,0,0,0,0,0,0,0,0
PL_M13KLIKpow,2,0.713043478,0.265217391,0,0,0,0,0,0,0,0,0.02173913
PL_M13STRW,1,0.117886179,0.268292683,0.31300813,0.166666667,0,0,0,0,0.117886179,0,0.016260163
PL_M13STUPBRZU,1,0.059160305,0.486641221,0.366412214,0,0,0,0,0,0.08778626,0,0
PL_M13TANEWOTA,3,0.775,0.015,0.185,0,0,0,0,0,0.02,0,0.005
PL_M14BIGLBINY,3,0.25310559,0.118012422,0.628881988,0,0,0,0,0,0,0,0
PL_M14SLACZ,3,0.031055901,0.621118012,0.335403727,0,0,0,0,0,0,0,0.01242236
PL_M14ZWLEGOSC,13,0.021276596,0.029787234,0.076595745,0.012765957,0,0.004255319,0,0,0.059574468,0.008510638,0.787234043
PL_M15KONSTRULO,1,0.012048193,0.253012048,0.012048193,0,0,0,0,0,0.048192771,0,0.674698795
PL_M15MURYKRZA,3,0.030769231,0.523076923,0.246153846,0.015384615,0,0,0,0,0.015384615,0,0.169230769
PL_M15PRUDYTM,3,0,0.389758179,0.503556188,0,0,0,0,0,0,0,0.106685633
PL_M15REKO,13,0.5,0.131578947,0,0,0,0,0,0,0.078947368,0.105263158,0.184210526
PL_M15WELPi,3,0.625,0.193181818,0.051136364,0,0,0,0,0,0.022727273,0,0.107954545
PL_M15WETKA,2,0.135021097,0.333333333,0.53164557,0,0,0,0,0,0,0,0
PL_M16NARUFROMB,3,0.029411765,0.088235294,0,0,0,0,0,0,0,0,0.882352941
PL_M16PISKTULN,13,0,0.711538462,0,0.019230769,0,0,0,0,0,0,0.269230769
PL_M16REWE,3,0.09375,0.28125,0.1875,0.015625,0,0,0,0,0.046875,0.015625,0.359375
PL_M16WELJa,3,0.16,0.04,0.04,0,0,0.05,0,0,0.03,0,0.68
PL_M16WIAR1,1,0.100371747,0.345724907,0.553903346,0,0,0,0,0,0,0,0
PL_M17MIENSKE,3,0,0.025641026,0,0,0,0,0,0,0,0,0.974358974
PL_M17NYSKL1,3,0.044262295,0.406557377,0.549180328,0,0,0,0,0,0,0,0
PL_M17PILICMALUS,13,0.052631579,0.268796992,0.022556391,0.015037594,0.001879699,0.009398496,0,0,0.028195489,0.037593985,0.563909774
PL_M17SAPO,3,0.053571429,0.482142857,0.178571429,0,0,0,0,0,0.035714286,0.053571429,0.196428571
PL_M17STEBO,13,0.875,0.125,0,0,0,0,0,0,0,0,0
PL_M17WIAR2,1,0.151051625,0.565965583,0.273422562,0,0,0,0,0,0,0,0.009560229
PL_M18GRALA,1,0.003533569,0.014134276,0.003533569,0.003533569,0,0,0,0,0.056537102,0,0.918727915
PL_M18SEPO,3,0.111111111,0.3,0.055555556,0,0,0.011111111,0,0,0,0,0.522222222
PL_M18WIAR3,1,0.089012517,0.112656467,0.798331015,0,0,0,0,0,0,0,0
PL_M19CZNITO,1,0.031578947,0.221052632,0.473684211,0,0,0,0,0,0.157894737,0,0.115789474
PL_M19GRAZA,13,0.121621622,0.030405405,0.070945946,0,0,0,0,0,0.084459459,0.010135135,0.682432432
PL_M19PASLSMOL,3,0,0.285714286,0.035714286,0,0,0,0,0,0.142857143,0,0.535714286
PL_M19WISLO1,1,0.053691275,0.17114094,0.744966443,0,0,0,0,0,0,0,0.030201342
PL_M1BLUD,6,0.188405797,0.31884058,0.492753623,0,0,0,0,0,0,0,0
PL_M1ORLICA,2,0.983870968,0,0.008064516,0,0,0,0,0,0,0,0.008064516
PL_M1UJSO,1,0.308333333,0.15,0.541666667,0,0,0,0,0,0,0,0
PL_M20GRAKA,1,0.005649718,0.019774011,0.008474576,0.002824859,0,0,0,0,0.192090395,0,0.771186441
PL_M20PLIZAM,3,0.983333333,0,0,0,0,0,0,0,0,0,0.016666667
PL_M21JASPJ,1,0.205882353,0.125,0.661764706,0,0,0,0,0,0,0,0.007352941
PL_M21LUTSM,3,0,0.671597633,0.118343195,0,0,0,0,0,0.053254438,0.00295858,0.153846154
PL_M21PISAMo,3,0.016791045,0.018656716,0.001865672,0.005597015,0,0.03358209,0,0,0.035447761,0.001865672,0.88619403
PL_M21UKLE,3,0.144444444,0.422222222,0.088888889,0,0,0,0,0,0.055555556,0.277777778,0.011111111
PL_M22BANPo,3,0.816666667,0,0.116666667,0,0,0,0,0,0.033333333,0,0.033333333
PL_M22DRALO,3,0.120689655,0.431034483,0.24137931,0,0,0,0,0,0.120689655,0,0.086206897
PL_M22JASST,1,0.217391304,0.211956522,0.570652174,0,0,0,0,0,0,0,0
PL_M22OMULKr,13,0.132075472,0.037735849,0.037735849,0.037735849,0,0,0,0,0.188679245,0.301886792,0.264150943
PL_M22ZGLOTO,3,0,0.781690141,0,0,0,0,0,0,0.112676056,0.042253521,0.063380282
PL_M23KACZNM,3,0.27826087,0.030434783,0.691304348,0,0,0,0,0,0,0,0
PL_M23ROZWa,13,0,0.622340426,0.058510638,0,0,0,0,0,0.074468085,0.053191489,0.191489362
PL_M23WAGOP,13,0,0.143695015,0.002932551,0,0,0.008797654,0,0,0.026392962,0.002932551,0.815249267
PL_M24DOSKO,1,0,0,0,0,0,0,0,0,1,0,0
PL_M24DrRZOP,13,0.344086022,0.564516129,0,0,0,0,0,0,0.02688172,0,0.064516129
PL_M24WIENAM,13,0.945454545,0.018181818,0,0,0,0,0,0,0.018181818,0,0.018181818
PL_M25LUCTR,1,0,0,0,0,0,0,0,0,0.2,0,0.8
PL_M25OSOBL,3,0.002557545,0.506393862,0.401534527,0,0,0,0,0,0,0,0.089514066
PL_M25WDAML,13,0.832116788,0.04379562,0.03892944,0,0,0,0,0,0.0243309,0,0.060827251
PL_M26HWOZNApg,6,0,0.848101266,0,0,0,0,0,0,0.151898734,0,0
PL_M26LUCPR,3,0,0.026315789,0.035087719,0.01754386,0,0.026315789,0,0,0.01754386,0.026315789,0.850877193
PL_M26WIECH,13,0.022058824,0.220588235,0.169117647,0,0,0,0,0,0.029411765,0.007352941,0.551470588
PL_M27NKLOPO,2,1,0,0,0,0,0,0,0,0,0,0
PL_M27RUZIDULN,3,0.444444444,0.236111111,0.166666667,0,0,0,0,0,0.069444444,0.027777778,0.055555556
PL_M28DRAMI,3,0,0.295454545,0.056818182,0,0,0.102272727,0,0,0.090909091,0.034090909,0.420454545
PL_M2BLED,6,0.263157895,0.242105263,0.494736842,0,0,0,0,0,0,0,0
PL_M2CZAST,13,0.138888889,0.638888889,0.027777778,0,0,0,0,0,0.027777778,0.083333333,0.083333333
PL_M2STRA,14,1,0,0,0,0,0,0,0,0,0,0
PL_M32KLOPOT,3,0.027816412,0.180806676,0.791376912,0,0,0,0,0,0,0,0
PL_M32PASPe,13,0.369747899,0.268907563,0.205882353,0,0,0,0,0,0.046218487,0,0.109243697
PL_M32SLOMI,3,0.196721311,0.049180328,0.655737705,0,0,0.016393443,0,0,0.016393443,0,0.06557377
PL_M33DRAPL,3,0.209876543,0.135802469,0.24691358,0,0,0,0,0,0.271604938,0,0.135802469
PL_M35IZERpon,2,1,0,0,0,0,0,0,0,0,0,0
PL_M35WIARST,1,0.102564103,0.194871795,0.630769231,0,0,0,0,0,0.020512821,0,0.051282051
PL_M36BZULO,3,0,0,0.022346369,0.002793296,0.002793296,0.106145251,0,0,0.100558659,0,0.765363128
PL_M37WDASTRZ,3,0.458823529,0.176470588,0.317647059,0,0,0,0,0,0.023529412,0.011764706,0.011764706
PL_M38DRWELG,3,0.012345679,0.040123457,0.339506173,0,0,0.00617284,0,0,0.033950617,0.00308642,0.564814815
PL_M38RAWBG,3,0.030188679,0.030188679,0.018867925,0.022641509,0,0.022641509,0,0,0.022641509,0.033962264,0.818867925
PL_M38SANRA,3,0.017921147,0.738351254,0.125448029,0,0,0,0,0,0.025089606,0.007168459,0.086021505
PL_M3BRDA,3,0.096153846,0,0,0,0,0,0,0,0,0,0.903846154
PL_M3BROKNZ,13,0.109589041,0.246575342,0.184931507,0.01369863,0,0,0,0,0.01369863,0.01369863,0.417808219
PL_M3GRZY,3,0,1,0,0,0,0,0,0,0,0,0
PL_M3HOCZ,1,0.075075075,0.21021021,0.711711712,0,0,0,0,0,0,0,0.003003003
PL_M40MIEMO,3,0,0.522727273,0,0,0,0,0,0,0.204545455,0.022727273,0.25
PL_M49KOKNAuj,3,0,0.060606061,0.151515152,0,0,0,0,0,0.151515152,0.090909091,0.545454545
PL_M4KALTA,1,0.051724138,0.442528736,0.505747126,0,0,0,0,0,0,0,0
PL_M5GUJA,3,0.032967033,0.120879121,0.384615385,0,0,0.186813187,0,0,0.032967033,0.043956044,0.197802198
PL_M5SKAW,1,0.420634921,0.079365079,0.5,0,0,0,0,0,0,0,0
PL_M5SOLKO,1,0.092592593,0.074074074,0.018518519,0,0,0,0,0,0.018518519,0.055555556,0.740740741
PL_M6GLAZ,13,0.704,0.164,0.108,0,0,0,0,0,0.008,0,0.016
PL_M6KAGA,3,0,0,0.088495575,0,0,0.168141593,0,0,0.061946903,0,0.681415929
PL_M6MORHA,3,0,0.461538462,0.538461538,0,0,0,0,0,0,0,0
PL_M7GREM,6,0,0,0,0,0,0,0,0,0.132075472,0,0.867924528
PL_M7OSLA,2,0.088095238,0.271428571,0.64047619,0,0,0,0,0,0,0,0
PL_M7WILSP,3,0.166666667,0.311111111,0.033333333,0,0.011111111,0,0,0,0.022222222,0,0.455555556
PL_M8KWA,13,0.31441048,0.052401747,0.15720524,0,0,0,0,0,0.004366812,0,0.471615721
PL_M8LIWKi,13,0,0.127272727,0,0,0,0,0,0,0.063636364,0,0.809090909
PL_M9KALE,6,0,0.466666667,0,0,0,0,0,0,0.066666667,0,0.466666667
PL_M9LIWWP,3,0.005524862,0.03038674,0.024861878,0.005524862,0,0.019337017,0,0,0.226519337,0.013812155,0.674033149
PL_M9MRONO,1,0,1,0,0,0,0,0,0,0,0,0
PL_R01CIE,3,0,0.038461538,0.130769231,0,0,0,0,0,0.246153846,0.007692308,0.576923077
PL_R01PLIKOS,3,0.782051282,0,0,0,0,0,0,0,0.038461538,0,0.179487179
PL_R02CZAHA,6,0.525641026,0,0.474358974,0,0,0,0,0,0,0,0
PL_R03CSTDRO,13,0.361111111,0,0,0.055555556,0,0.027777778,0,0,0,0.055555556,0.5
PL_R03RURZ,3,0.002840909,0.102272727,0.795454545,0,0,0,0,0,0.017045455,0,0.082386364
PL_R03WIARY,1,0.234848485,0.401515152,0.306818182,0,0,0,0,0,0.03030303,0,0.026515152
PL_R05RAWWOL,1,0.104166667,0.138888889,0.041666667,0,0,0.034722222,0,0,0.236111111,0,0.444444444
PL_R06TUSDA,3,0.089005236,0.471204188,0.287958115,0,0,0,0,0,0.015706806,0.015706806,0.120418848
PL_R07WISSW,1,0.05511811,0.590551181,0.354330709,0,0,0,0,0,0,0,0
PL_R08LYNAST,3,0,0.013392857,0.071428571,0.008928571,0,0,0,0.013392857,0.102678571,0.004464286,0.785714286
PL_R11KOCTRZE,1,0.105882353,0.552941176,0.176470588,0.011764706,0,0,0,0,0.011764706,0.023529412,0.117647059
PL_R14KRASTA,3,0.450980392,0.176470588,0.235294118,0.078431373,0,0,0,0,0,0.058823529,0
PL_R16MILGL,3,0.27480916,0.417302799,0.106870229,0,0,0,0,0,0,0,0.201017812
PL_R16NARPLO,13,0,0.066339066,0.002457002,0,0,0.014742015,0,0,0.125307125,0.022113022,0.769041769
PL_R19PLIURA,3,0.021582734,0.244604317,0.136690647,0.014388489,0,0.014388489,0,0,0.071942446,0.050359712,0.446043165
PL_R1OSLAWA20,2,0.214285714,0.412087912,0.373626374,0,0,0,0,0,0,0,0
PL_R1WDA004,3,0,0.507246377,0,0,0,0,0.137681159,0,0.014492754,0,0.34057971
PL_R21PRULA,3,0.955882353,0,0,0,0,0,0,0,0,0,0.044117647
PL_R22TANREB,1,0.985294118,0,0,0,0,0,0,0,0,0,0.014705882
PL_R24STUPR,3,1,0,0,0,0,0,0,0,0,0,0
PL_R2SAN20,2,0.115902965,0.469002695,0.396226415,0,0,0,0,0,0,0,0.018867925
PL_R2SLU058,13,1,0,0,0,0,0,0,0,0,0,0
PL_R3SOLINKA20,2,0.059047619,0.413333333,0.478095238,0,0,0,0,0,0,0.001904762,0.047619048
PL_R5WIP025,3,1,0,0,0,0,0,0,0,0,0,0
PpJa1006,2,1,0,0,0,0,0,0,0,0,0,0
PT_ISA01/07,10,0,0,0.961722488,0,0,0,0,0,0,0,0.038277512
PT_ISA02/07,10,0,0,0.908396947,0,0,0,0,0,0,0,0.091603053
PT_ISA03/08,10,0,0.516129032,0,0,0,0,0,0,0,0,0.483870968
PT_ISA05/07,10,0,0,0.988538682,0,0,0,0,0,0,0,0.011461318
PT_ISA06/08,10,0,0.698113208,0,0,0,0,0,0,0,0,0.301886792
RadL1006,2,1,0,0,0,0,0,0,0,0,0,0
RaKd0695,2,1,0,0,0,0,0,0,0,0,0,0
RaPt0695,2,1,0,0,0,0,0,0,0,0,0,0
RaTo0885,2,1,0,0,0,0,0,0,0,0,0,0
RaZr0695,2,1,0,0,0,0,0,0,0,0,0,0
SaGl0382,2,0.880597015,0,0.119402985,0,0,0,0,0,0,0,0
SaPn0382,2,0.951807229,0,0.048192771,0,0,0,0,0,0,0,0
SBLo1107,2,0.19872814,0,0.80127186,0,0,0,0,0,0,0,0
SBMa0992,2,0.81981982,0,0.18018018,0,0,0,0,0,0,0,0
SBNo1107,2,0.274390244,0,0.725609756,0,0,0,0,0,0,0,0
SBPo0281,2,0.875,0,0.125,0,0,0,0,0,0,0,0
SBRi1107,2,0.6592,0.0176,0.3232,0,0,0,0,0,0,0,0
SBSo1107,2,0.232142857,0,0.767857143,0,0,0,0,0,0,0,0
SC_103660,16,0.962025316,0,0,0,0,0,0,0,0,0,0.037974684
SC_1582,15,0.612068966,0.021551724,0.159482759,0,0,0,0,0,0,0,0.206896552
SC_206779,16,0.96,0,0,0,0,0,0,0,0,0,0.04
SC_233986,16,0.90625,0,0.09375,0,0,0,0,0,0,0,0
SC_3490,15,1,0,0,0,0,0,0,0,0,0,0
SC_350258,16,0.888888889,0,0,0,0,0,0,0,0,0,0.111111111
SC_350297,16,1,0,0,0,0,0,0,0,0,0,0
SC_359053,16,1,0,0,0,0,0,0,0,0,0,0
SC_359064,15,0.693548387,0.14516129,0.14516129,0,0,0,0,0,0,0,0.016129032
SC_359065,15,0.888888889,0.090909091,0.01010101,0,0,0,0,0,0,0,0.01010101
SC_359071,15,0.770833333,0.1875,0.020833333,0,0,0,0,0,0,0,0.020833333
SC_359072,15,0.941935484,0.019354839,0.019354839,0,0,0,0,0,0,0,0.019354839
SC_359101,16,0.7890625,0,0,0,0,0,0,0,0,0,0.2109375
SC_359102,15,0.873831776,0,0,0,0,0,0,0,0,0,0.126168224
SC_359119,16,0.357142857,0,0,0,0,0,0,0,0,0,0.642857143
SC_359122,16,0.921052632,0,0,0,0,0,0,0,0,0,0.078947368
SC_359124,16,0.896551724,0,0,0,0,0,0,0,0,0,0.103448276
SC_359125,16,0.928571429,0,0,0,0,0,0,0,0,0,0.071428571
SC_359126,15,0.97810219,0,0,0,0,0,0,0,0,0,0.02189781
SC_359128,15,0.946428571,0,0,0,0,0,0,0,0,0,0.053571429
SC_359129,16,0.75,0,0.025,0,0,0,0,0,0,0,0.225
SC_359141,16,0.918918919,0,0,0,0,0,0,0,0,0,0.081081081
SC_359142,16,1,0,0,0,0,0,0,0,0,0,0
SC_359144,16,0.989090909,0,0,0,0,0,0,0,0,0,0.010909091
SC_359146,15,0.892857143,0,0,0,0,0.107142857,0,0,0,0,0
SC_359147,16,0.993478261,0,0,0,0,0,0,0,0,0,0.006521739
SC_359149,16,1,0,0,0,0,0,0,0,0,0,0
SC_359150,16,0.608695652,0,0,0,0,0,0,0,0,0,0.391304348
SC_359152,16,1,0,0,0,0,0,0,0,0,0,0
SC_359155,16,0.674698795,0,0,0,0,0,0,0,0,0,0.325301205
SC_359159,16,0.953125,0,0,0,0,0,0,0,0,0,0.046875
SC_359160,16,1,0,0,0,0,0,0,0,0,0,0
SC_359163,15,0.995145631,0,0,0,0,0,0,0,0,0,0.004854369
SC_367966,15,0.975609756,0,0,0,0,0,0,0,0.024390244,0,0
SC_367967,16,0.891129032,0,0,0,0,0,0,0,0,0,0.108870968
SC_367971,16,0.964169381,0,0,0,0,0.026058632,0,0,0,0,0.009771987
SC_367972,16,0.890625,0,0,0,0,0,0,0,0,0,0.109375
SC_367974,16,0.832061069,0,0,0,0,0,0,0,0,0,0.167938931
SC_374560,16,0.960451977,0,0,0,0,0.039548023,0,0,0,0,0
SC_374610,16,1,0,0,0,0,0,0,0,0,0,0
SC_374611,16,1,0,0,0,0,0,0,0,0,0,0
SC_8473,16,0.862068966,0,0.137931034,0,0,0,0,0,0,0,0
SDLo0606,2,0.605263158,0,0.394736842,0,0,0,0,0,0,0,0
SE0014,3,0.972477064,0,0.018348624,0,0,0,0,0,0,0,0.009174312
SE0015,3,1,0,0,0,0,0,0,0,0,0,0
SE0016,3,0.994623656,0,0.005376344,0,0,0,0,0,0,0,0
SE0017,3,1,0,0,0,0,0,0,0,0,0,0
SE0027,6,0.98245614,0,0,0,0,0,0,0,0,0,0.01754386
SE0028,6,1,0,0,0,0,0,0,0,0,0,0
SE0030,6,1,0,0,0,0,0,0,0,0,0,0
SE0031,6,1,0,0,0,0,0,0,0,0,0,0
SE0032,6,0.893939394,0,0.106060606,0,0,0,0,0,0,0,0
SE0136,6,0.479381443,0,0.515463918,0,0,0,0,0,0.005154639,0,0
SE0144,6,0.857142857,0,0,0,0,0,0,0,0,0.142857143,0
SE0149,3,0.777777778,0,0,0,0,0,0,0,0,0.222222222,0
SE0150,6,0.333333333,0,0.166666667,0,0,0,0,0,0.111111111,0.388888889,0
SE0154,3,0.932038835,0,0,0,0,0,0,0,0.009708738,0.019417476,0.038834951
SE0158,6,0.192307692,0,0.807692308,0,0,0,0,0,0,0,0
SE0159,6,0.5,0,0.5,0,0,0,0,0,0,0,0
SE0160,6,1,0,0,0,0,0,0,0,0,0,0
SE0172,6,0.992673993,0,0,0,0,0,0,0,0.007326007,0,0
SE0179,6,0.92,0,0,0,0,0,0,0,0,0,0.08
SE0189,6,0.545454545,0,0.363636364,0,0,0,0,0,0.090909091,0,0
SE0195,6,0.670886076,0,0.329113924,0,0,0,0,0,0,0,0
SE0196,6,0.833333333,0,0.111111111,0,0,0,0,0,0,0.055555556,0
SE0198,6,0.268656716,0,0.686567164,0,0,0,0,0,0.029850746,0.014925373,0
SE0203,6,0.754716981,0,0.245283019,0,0,0,0,0,0,0,0
SE0204,6,0.37254902,0,0.62745098,0,0,0,0,0,0,0,0
SE0208,1,1,0,0,0,0,0,0,0,0,0,0
SE0230,6,0,0,0,0,0,0,0.894736842,0,0,0,0.105263158
SE0231,6,1,0,0,0,0,0,0,0,0,0,0
SE0242,6,0.016129032,0,0,0,0,0,0.983870968,0,0,0,0
SE0257,6,0.005952381,0,0,0,0,0,0.988095238,0,0,0,0.005952381
SE0265,6,0.989130435,0,0,0,0,0,0,0,0.010869565,0,0
SE0266,6,1,0,0,0,0,0,0,0,0,0,0
SE0267,6,0.996168582,0,0.003831418,0,0,0,0,0,0,0,0
SE0273,3,0.99378882,0,0,0,0,0,0,0,0,0,0.00621118
SE0284,6,0.388888889,0,0.444444444,0,0,0,0,0,0.055555556,0,0.111111111
SE0309,6,0.764705882,0,0.235294118,0,0,0,0,0,0,0,0
SE0330,5,0.061728395,0,0,0,0,0,0.938271605,0,0,0,0
SE0344,5,0.470588235,0,0.529411765,0,0,0,0,0,0,0,0
SE0348,6,1,0,0,0,0,0,0,0,0,0,0
SE0349,6,0.941176471,0,0,0,0,0.011764706,0,0,0,0,0.047058824
SE0353,5,0,0,0.357142857,0,0,0,0.642857143,0,0,0,0
SE0354,5,0,0,0.088888889,0,0,0,0.911111111,0,0,0,0
SE0401,5,1,0,0,0,0,0,0,0,0,0,0
SE0402,5,1,0,0,0,0,0,0,0,0,0,0
SE0403,5,0.909090909,0,0,0,0,0,0,0,0,0.090909091,0
SE0405,5,0.382352941,0,0,0,0,0,0.617647059,0,0,0,0
SE0406,13,1,0,0,0,0,0,0,0,0,0,0
SE0407,13,1,0,0,0,0,0,0,0,0,0,0
SE0409,13,1,0,0,0,0,0,0,0,0,0,0
SE0433,5,1,0,0,0,0,0,0,0,0,0,0
SE0445,5,1,0,0,0,0,0,0,0,0,0,0
SE0447,5,1,0,0,0,0,0,0,0,0,0,0
SE0448,5,0.794117647,0,0.18627451,0,0,0,0,0,0,0.019607843,0
SE0455,5,1,0,0,0,0,0,0,0,0,0,0
SE0456,5,1,0,0,0,0,0,0,0,0,0,0
SE0459,5,1,0,0,0,0,0,0,0,0,0,0
SE0460,5,1,0,0,0,0,0,0,0,0,0,0
SE0461,5,1,0,0,0,0,0,0,0,0,0,0
SE0464,5,1,0,0,0,0,0,0,0,0,0,0
SE0465,5,1,0,0,0,0,0,0,0,0,0,0
SE0468,5,1,0,0,0,0,0,0,0,0,0,0
SE0469,5,1,0,0,0,0,0,0,0,0,0,0
SE0470,5,1,0,0,0,0,0,0,0,0,0,0
SE0471,5,1,0,0,0,0,0,0,0,0,0,0
SE0472,5,0.902912621,0,0.087378641,0,0,0.009708738,0,0,0,0,0
SE0473,5,1,0,0,0,0,0,0,0,0,0,0
SE0479,5,1,0,0,0,0,0,0,0,0,0,0
SE0480,5,1,0,0,0,0,0,0,0,0,0,0
SE0488,5,1,0,0,0,0,0,0,0,0,0,0
SE0489,5,0.474576271,0,0,0,0,0.016949153,0.508474576,0,0,0,0
SE0495,5,1,0,0,0,0,0,0,0,0,0,0
SE0501,5,1,0,0,0,0,0,0,0,0,0,0
SE0510,14,1,0,0,0,0,0,0,0,0,0,0
SE0513,5,0,0,0.016129032,0,0,0,0.983870968,0,0,0,0
SE0518,5,1,0,0,0,0,0,0,0,0,0,0
SE0519,5,0.018018018,0,0,0,0,0,0.981981982,0,0,0,0
SE0520,5,0.00248139,0,0,0,0,0,0.99751861,0,0,0,0
SE0521,5,0.039772727,0,0,0,0,0,0.960227273,0,0,0,0
SE0528,5,1,0,0,0,0,0,0,0,0,0,0
SE0530,5,1,0,0,0,0,0,0,0,0,0,0
SE0533,5,0.6,0,0.4,0,0,0,0,0,0,0,0
SE0538,5,0.952380952,0,0,0,0,0,0,0,0,0.047619048,0
SE0539,5,0.990740741,0,0,0,0,0,0,0,0,0,0.009259259
SE0540,5,0.921052632,0,0,0,0,0,0,0,0.026315789,0.052631579,0
SE0541,5,1,0,0,0,0,0,0,0,0,0,0
SE0542,5,0.647959184,0,0.352040816,0,0,0,0,0,0,0,0
SE0543,5,1,0,0,0,0,0,0,0,0,0,0
SE0544,5,1,0,0,0,0,0,0,0,0,0,0
SE0545,5,0.956521739,0,0,0,0,0,0,0,0.043478261,0,0
SE0552,5,0.9375,0,0.0625,0,0,0,0,0,0,0,0
SE0553,5,0.631578947,0,0.368421053,0,0,0,0,0,0,0,0
SE0556,5,0.8125,0,0.0625,0,0,0,0,0,0,0.125,0
SE0558,5,0.98,0,0,0,0,0,0,0,0,0,0.02
SE0565,13,0.5,0,0.5,0,0,0,0,0,0,0,0
SE0566,13,0.617647059,0,0.323529412,0,0,0,0,0,0,0.058823529,0
SE0567,5,0.867647059,0,0.117647059,0,0,0,0,0,0,0.014705882,0
SE0570,5,0.977272727,0,0,0,0,0,0,0,0.022727273,0,0
SE0582,5,1,0,0,0,0,0,0,0,0,0,0
SE0589,5,0.968253968,0,0,0,0,0,0,0,0,0.031746032,0
SE0590,5,0.895833333,0,0,0,0,0,0,0,0,0.020833333,0.083333333
SE0597,5,1,0,0,0,0,0,0,0,0,0,0
SE0603,5,0.928571429,0,0.053571429,0,0,0,0,0,0,0.017857143,0
SE0611,5,1,0,0,0,0,0,0,0,0,0,0
SE0612,5,1,0,0,0,0,0,0,0,0,0,0
SE0618,5,1,0,0,0,0,0,0,0,0,0,0
SE0619,5,1,0,0,0,0,0,0,0,0,0,0
SE0620,5,0.5625,0,0.4375,0,0,0,0,0,0,0,0
SE0636,5,0.476190476,0,0.523809524,0,0,0,0,0,0,0,0
SE0645,5,1,0,0,0,0,0,0,0,0,0,0
SE0646,5,0.875,0,0,0,0,0,0,0,0.0625,0.0625,0
SE0649,5,1,0,0,0,0,0,0,0,0,0,0
SE0650,5,1,0,0,0,0,0,0,0,0,0,0
SE0653,5,1,0,0,0,0,0,0,0,0,0,0
SE0654,5,1,0,0,0,0,0,0,0,0,0,0
SE0657,5,0.5,0,0.25,0,0,0,0,0,0,0.25,0
SE0659,14,1,0,0,0,0,0,0,0,0,0,0
SE0660,14,1,0,0,0,0,0,0,0,0,0,0
SE0661,14,1,0,0,0,0,0,0,0,0,0,0
SE0662,5,1,0,0,0,0,0,0,0,0,0,0
SE0664,5,1,0,0,0,0,0,0,0,0,0,0
SE0665,5,1,0,0,0,0,0,0,0,0,0,0
SE0666,5,0.943548387,0,0.040322581,0,0,0,0,0,0,0.016129032,0
SE0667,5,1,0,0,0,0,0,0,0,0,0,0
SE0668,5,1,0,0,0,0,0,0,0,0,0,0
SE0669,12,0.369230769,0.246153846,0.369230769,0,0,0,0,0,0,0.015384615,0
SE0670,12,0.362318841,0,0.608695652,0,0,0,0,0,0,0.028985507,0
SE0671,12,0.340909091,0,0.651515152,0,0,0,0,0,0,0.007575758,0
SE0672,12,0.358974359,0,0.615384615,0,0,0,0,0,0,0.025641026,0
SE0673,14,0.916666667,0,0,0,0,0,0,0,0,0.083333333,0
SE0674,14,0.5,0,0,0,0,0,0,0,0,0.5,0
SE0675,14,0,0,0,0,0,0,0,0,0,1,0
SE0676,14,1,0,0,0,0,0,0,0,0,0,0
SE0677,14,1,0,0,0,0,0,0,0,0,0,0
SE0678,14,1,0,0,0,0,0,0,0,0,0,0
SE0679,14,1,0,0,0,0,0,0,0,0,0,0
SE0680,14,1,0,0,0,0,0,0,0,0,0,0
SE0684,14,0.933333333,0,0,0,0,0,0,0,0,0.066666667,0
SE0685,14,1,0,0,0,0,0,0,0,0,0,0
SE0686,14,0.888888889,0,0,0,0,0,0,0,0,0.111111111,0
SE0687,14,1,0,0,0,0,0,0,0,0,0,0
SE0688,5,0.462585034,0,0.517006803,0,0,0,0,0,0,0.013605442,0.006802721
SE0689,14,1,0,0,0,0,0,0,0,0,0,0
SE0690,14,1,0,0,0,0,0,0,0,0,0,0
SE0691,14,1,0,0,0,0,0,0,0,0,0,0
SE0692,5,0.925925926,0,0.049382716,0,0,0,0,0,0,0.024691358,0
SE0693,14,1,0,0,0,0,0,0,0,0,0,0
SE0694,14,1,0,0,0,0,0,0,0,0,0,0
SE0695,14,1,0,0,0,0,0,0,0,0,0,0
SE0696,14,0.666666667,0,0,0,0,0,0.333333333,0,0,0,0
SE0697,5,0.758064516,0,0.225806452,0,0,0,0,0,0,0.016129032,0
SE0698,12,0.936708861,0,0.050632911,0,0,0,0,0,0,0.012658228,0
SE0699,12,0.39,0,0.59,0,0,0.01,0,0,0,0.01,0
SE0700,5,0.784090909,0,0.215909091,0,0,0,0,0,0,0,0
SE0701,12,0.882352941,0,0.098039216,0,0,0,0,0,0,0.019607843,0
SE0702,14,0.658536585,0,0.317073171,0,0,0,0,0,0,0.024390244,0
SE0703,14,0.955555556,0,0,0,0,0,0,0,0,0.044444444,0
SE0704,5,0.555555556,0,0.416666667,0,0,0,0,0,0.013888889,0,0.013888889
SE0705,14,0.904761905,0,0.095238095,0,0,0,0,0,0,0,0
SE0706,14,1,0,0,0,0,0,0,0,0,0,0
SE0707,14,1,0,0,0,0,0,0,0,0,0,0
SE0708,14,1,0,0,0,0,0,0,0,0,0,0
SE0709,14,0.961538462,0,0,0,0,0,0,0,0.038461538,0,0
SE0710,14,0.25,0,0.75,0,0,0,0,0,0,0,0
SE0711,14,0.228571429,0,0.771428571,0,0,0,0,0,0,0,0
SE0713,14,0.333333333,0,0,0,0,0,0.666666667,0,0,0,0
SE0714,14,0.5,0,0,0,0,0,0.5,0,0,0,0
SE0715,14,1,0,0,0,0,0,0,0,0,0,0
SKIDIKR0003,3,0.03785489,0.176656151,0.785488959,0,0,0,0,0,0,0,0
SKIDIKR0005,2,0.561290323,0.051612903,0.387096774,0,0,0,0,0,0,0,0
SKIDIKR0006,3,0.64516129,0.258064516,0.096774194,0,0,0,0,0,0,0,0
SKIDIKR0007,2,0.822916667,0,0.177083333,0,0,0,0,0,0,0,0
SKIDIKR0008,1,0.951219512,0.024390244,0.024390244,0,0,0,0,0,0,0,0
SKIDIKR0010,1,0.989247312,0,0.010752688,0,0,0,0,0,0,0,0
SKIDIKR0011,2,1,0,0,0,0,0,0,0,0,0,0
SKIDIKR0012,1,1,0,0,0,0,0,0,0,0,0,0
SKIDIKR0015,3,0.424107143,0.205357143,0.364583333,0,0,0,0,0,0,0.005952381,0
SKIDIKR0016,3,0.275167785,0.55033557,0.174496644,0,0,0,0,0,0,0,0
SKIDIKR0017,4,0.276162791,0.238372093,0.473837209,0,0,0,0,0,0,0.005813953,0.005813953
SKIDIKR0019,4,0.651006711,0.151006711,0.16442953,0,0,0,0,0,0.013422819,0,0.020134228
SKIDIKR0024,1,1,0,0,0,0,0,0,0,0,0,0
SKIDIKR0026,3,0.726027397,0.273972603,0,0,0,0,0,0,0,0,0
SKIDIKR0027,1,1,0,0,0,0,0,0,0,0,0,0
SKIDIKR0028,3,1,0,0,0,0,0,0,0,0,0,0
SKIDIKR0030,3,1,0,0,0,0,0,0,0,0,0,0
SKIDIKR0035,3,1,0,0,0,0,0,0,0,0,0,0
SKIDIKR0037,3,1,0,0,0,0,0,0,0,0,0,0
SKIDIKR0039,3,0.836363636,0.109090909,0.018181818,0,0.036363636,0,0,0,0,0,0
SKIDIKR0040,3,0.966101695,0,0,0,0.033898305,0,0,0,0,0,0
SKIDIKR0050,1,0.885714286,0,0.114285714,0,0,0,0,0,0,0,0
SKIDIKR0053,3,0.910714286,0,0.089285714,0,0,0,0,0,0,0,0
SKIDIKR0054,3,1,0,0,0,0,0,0,0,0,0,0
SKIDIKR0055,3,1,0,0,0,0,0,0,0,0,0,0
SKIDIKR0056,1,1,0,0,0,0,0,0,0,0,0,0
SKIDIKR0064,3,0.70610687,0.160305344,0.064885496,0,0.06870229,0,0,0,0,0,0
SKIDIKR0066,3,1,0,0,0,0,0,0,0,0,0,0
SKIDIKR0073,1,1,0,0,0,0,0,0,0,0,0,0
SKIDIKR0078,3,1,0,0,0,0,0,0,0,0,0,0
SKIDIKR0079,1,1,0,0,0,0,0,0,0,0,0,0
SKIDIKR0081,3,0.936507937,0,0.063492063,0,0,0,0,0,0,0,0
SKIDIKR0084,1,1,0,0,0,0,0,0,0,0,0,0
SKIDIKR0085,1,0.971910112,0,0.028089888,0,0,0,0,0,0,0,0
SKIDIKR0086,1,1,0,0,0,0,0,0,0,0,0,0
SKIDIKR0087,1,1,0,0,0,0,0,0,0,0,0,0
SovP0806,2,1,0,0,0,0,0,0,0,0,0,0
SovS0806,2,0.992805755,0.007194245,0,0,0,0,0,0,0,0,0
SSRo0806,2,0.62585034,0,0.37414966,0,0,0,0,0,0,0,0
SSZL0806,2,0.390243902,0,0.609756098,0,0,0,0,0,0,0,0
SvSo0706,2,1,0,0,0,0,0,0,0,0,0,0
TBJk1079,2,0.987012987,0,0.012987013,0,0,0,0,0,0,0,0
WAL118010,1,0.615635179,0.384364821,0,0,0,0,0,0,0,0,0
WAL121006,3,1,0,0,0,0,0,0,0,0,0,0
WAL151002,3,0.340314136,0.405759162,0.246073298,0,0,0,0,0,0,0,0.007853403
WAL160001,3,0.09268565,0.238414294,0.425460637,0.002605621,0,0,0,0,0.030895217,0,0.209938582
WAL161003,3,0.153634172,0.291422666,0.475025835,0.003444712,0,0,0,0,0.001377885,0,0.07509473
WAL161004,3,0.009147503,0.4691907,0.500952865,0.003176216,0,0,0,0,0.001651633,0,0.015881082
WAL163012,3,1,0,0,0,0,0,0,0,0,0,0
WAL166001,3,0.620320856,0.247771836,0.124777184,0,0,0,0,0,0.001782531,0,0.005347594
WAL166007,3,0.383989145,0.179104478,0.435549525,0,0,0,0,0,0,0,0.001356852
WAL172006,3,0.818965517,0.120689655,0.060344828,0,0,0,0,0,0,0,0
WAL173008,3,0.833333333,0.153846154,0.012820513,0,0,0,0,0,0,0,0
WAL173010,3,1,0,0,0,0,0,0,0,0,0,0
WAL175001,3,0.133186166,0.36129507,0.403237675,0.002943341,0,0,0,0,0.000735835,0,0.098601913
WAL175006,3,0.204884237,0.253885189,0.537266096,0,0,0,0,0,0.002854424,0,0.001110054
WAL175016,3,1,0,0,0,0,0,0,0,0,0,0
WAL200002,3,0.813084112,0.046728972,0.140186916,0,0,0,0,0,0,0,0
WAL211001,3,0.898203593,0.056886228,0.026946108,0,0,0,0,0,0,0,0.017964072
WAL211003,3,0.668316832,0.069306931,0.247524752,0,0,0.004950495,0,0,0,0,0.00990099
WAL211004,3,0.991706161,0,0.008293839,0,0,0,0,0,0,0,0
WAL211009,3,0.501182033,0.035460993,0.460992908,0,0,0,0,0,0,0,0.002364066
WAL212004,3,0.981818182,0.012121212,0,0,0,0,0,0,0,0,0.006060606
WAL212005,3,0.927038627,0.0472103,0.021459227,0,0,0,0,0,0,0,0.004291845
WAL214001,3,0.409192825,0.126681614,0.371076233,0,0,0,0,0,0.005605381,0,0.087443946
WAL232008,3,1,0,0,0,0,0,0,0,0,0,0
WAL233008,3,0.670454545,0.056818182,0.267045455,0,0,0,0,0,0,0,0.005681818
WAL234001,3,0.527327935,0.352226721,0.117408907,0,0,0,0,0,0,0,0.003036437
WAL234014,3,0.691211401,0.109263658,0.194774347,0,0,0,0,0,0,0,0.004750594
WAL234023,3,0.118553248,0.153382451,0.726389819,0,0,0,0,0,0,0,0.001674481
WAL240001,3,0.277372263,0.322627737,0.394160584,0,0,0,0,0,0.001459854,0,0.004379562
WAL240016,3,0.410724808,0.258691809,0.324690631,0,0,0.005303477,0,0,0,0,0.000589275
WAL243002,3,0.062729274,0.181951577,0.74834923,0,0,0,0,0,0.000733676,0,0.006236244
WAL244003,3,0.177068215,0.567489115,0.201741655,0,0,0,0,0,0.004354136,0,0.04934688
WAL245001,3,0.979357798,0.018348624,0.002293578,0,0,0,0,0,0,0,0
WAL246004,3,0.64137931,0.233333333,0.120689655,0,0,0,0,0,0,0,0.004597701
WAL246007,3,0.292746114,0.518134715,0.189119171,0,0,0,0,0,0,0,0
WAL246008,3,0.33919598,0.341708543,0.281407035,0,0,0,0,0,0,0,0.037688442
WAL320001,3,0.258872651,0.187891441,0.549060543,0,0,0,0,0,0,0,0.004175365
WAL321001,3,1,0,0,0,0,0,0,0,0,0,0
WAL331001,3,1,0,0,0,0,0,0,0,0,0,0
WAL602001,3,0.545551983,0.103965702,0.350482315,0,0,0,0,0,0,0,0
WAL607001,3,0.27393617,0.335106383,0.367021277,0,0,0,0,0,0,0,0.02393617
WAL607005,3,0.318424566,0.454606142,0.20894526,0,0,0,0,0,0,0,0.018024032
WAL615001,3,0.578534031,0.191099476,0.230366492,0,0,0,0,0,0,0,0
WAL620009,3,0.652542373,0.06779661,0.216101695,0,0,0,0,0,0.042372881,0,0.021186441
WAL624005,1,0.179962894,0.434137291,0.332096475,0,0,0,0,0,0.005565863,0,0.048237477
WAL632011,1,0.946666667,0.03,0.006666667,0,0,0,0,0,0,0,0.016666667
WAL640015,3,0.611814346,0,0.358649789,0,0,0,0,0,0,0,0.029535865
